  0
SECTION
  2
HEADER
  9
$ACADVER
  1
AC1014
  9
$ACADMAINTVER
 70
     9
  9
$DWGCODEPAGE
  3
ANSI_1252
  9
$INSBASE
 10
0.0
 20
0.0
 30
0.0
  9
$EXTMIN
 10
1.000000000000000E+20
 20
1.000000000000000E+20
 30
1.000000000000000E+20
  9
$EXTMAX
 10
-1.000000000000000E+20
 20
-1.000000000000000E+20
 30
-1.000000000000000E+20
  9
$LIMMIN
 10
0.0
 20
0.0
  9
$LIMMAX
 10
420.0
 20
297.0
  9
$ORTHOMODE
 70
     0
  9
$REGENMODE
 70
     1
  9
$FILLMODE
 70
     1
  9
$QTEXTMODE
 70
     0
  9
$MIRRTEXT
 70
     1
  9
$DRAGMODE
 70
     2
  9
$LTSCALE
 40
1.0
  9
$OSMODE
 70
    37
  9
$ATTMODE
 70
     1
  9
$TEXTSIZE
 40
2.5
  9
$TRACEWID
 40
1.0
  9
$TEXTSTYLE
  7
STANDARD
  9
$CLAYER
  8
0
  9
$CELTYPE
  6
BYLAYER
  9
$CECOLOR
 62
   256
  9
$CELTSCALE
 40
1.0
  9
$DELOBJ
 70
     1
  9
$DISPSILH
 70
     0
  9
$DIMSCALE
 40
1.0
  9
$DIMASZ
 40
2.5
  9
$DIMEXO
 40
0.625
  9
$DIMDLI
 40
3.75
  9
$DIMRND
 40
0.0
  9
$DIMDLE
 40
0.0
  9
$DIMEXE
 40
1.25
  9
$DIMTP
 40
0.0
  9
$DIMTM
 40
0.0
  9
$DIMTXT
 40
2.5
  9
$DIMCEN
 40
2.5
  9
$DIMTSZ
 40
0.0
  9
$DIMTOL
 70
     0
  9
$DIMLIM
 70
     0
  9
$DIMTIH
 70
     0
  9
$DIMTOH
 70
     0
  9
$DIMSE1
 70
     0
  9
$DIMSE2
 70
     0
  9
$DIMTAD
 70
     1
  9
$DIMZIN
 70
     8
  9
$DIMBLK
  1

  9
$DIMASO
 70
     1
  9
$DIMSHO
 70
     1
  9
$DIMPOST
  1

  9
$DIMAPOST
  1

  9
$DIMALT
 70
     0
  9
$DIMALTD
 70
     3
  9
$DIMALTF
 40
0.03937007874016
  9
$DIMLFAC
 40
1.0
  9
$DIMTOFL
 70
     1
  9
$DIMTVP
 40
0.0
  9
$DIMTIX
 70
     0
  9
$DIMSOXD
 70
     0
  9
$DIMSAH
 70
     0
  9
$DIMBLK1
  1

  9
$DIMBLK2
  1

  9
$DIMSTYLE
  2
ISO-25
  9
$DIMCLRD
 70
     0
  9
$DIMCLRE
 70
     0
  9
$DIMCLRT
 70
     0
  9
$DIMTFAC
 40
1.0
  9
$DIMGAP
 40
0.625
  9
$DIMJUST
 70
     0
  9
$DIMSD1
 70
     0
  9
$DIMSD2
 70
     0
  9
$DIMTOLJ
 70
     0
  9
$DIMTZIN
 70
     8
  9
$DIMALTZ
 70
     0
  9
$DIMALTTZ
 70
     0
  9
$DIMFIT
 70
     3
  9
$DIMUPT
 70
     0
  9
$DIMUNIT
 70
     2
  9
$DIMDEC
 70
     2
  9
$DIMTDEC
 70
     2
  9
$DIMALTU
 70
     2
  9
$DIMALTTD
 70
     3
  9
$DIMTXSTY
  7
STANDARD
  9
$DIMAUNIT
 70
     0
  9
$LUNITS
 70
     2
  9
$LUPREC
 70
     4
  9
$SKETCHINC
 40
1.0
  9
$FILLETRAD
 40
0.0
  9
$AUNITS
 70
     0
  9
$AUPREC
 70
     0
  9
$MENU
  1
.
  9
$ELEVATION
 40
0.0
  9
$PELEVATION
 40
0.0
  9
$THICKNESS
 40
0.0
  9
$LIMCHECK
 70
     0
  9
$CHAMFERA
 40
0.0
  9
$CHAMFERB
 40
0.0
  9
$CHAMFERC
 40
0.0
  9
$CHAMFERD
 40
0.0
  9
$SKPOLY
 70
     0
  9
$TDCREATE
 40
2461166.420731528
  9
$TDUPDATE
 40
2461166.420731597
  9
$TDINDWG
 40
0.0000000116
  9
$TDUSRTIMER
 40
0.0000000116
  9
$USRTIMER
 70
     1
  9
$ANGBASE
 50
0.0
  9
$ANGDIR
 70
     0
  9
$PDMODE
 70
     0
  9
$PDSIZE
 40
0.0
  9
$PLINEWID
 40
0.0
  9
$COORDS
 70
     1
  9
$SPLFRAME
 70
     0
  9
$SPLINETYPE
 70
     6
  9
$SPLINESEGS
 70
     8
  9
$ATTDIA
 70
     0
  9
$ATTREQ
 70
     1
  9
$HANDLING
 70
     1
  9
$HANDSEED
  5
10000389
  9
$SURFTAB1
 70
     6
  9
$SURFTAB2
 70
     6
  9
$SURFTYPE
 70
     6
  9
$SURFU
 70
     6
  9
$SURFV
 70
     6
  9
$UCSNAME
  2

  9
$UCSORG
 10
0.0
 20
0.0
 30
0.0
  9
$UCSXDIR
 10
1.0
 20
0.0
 30
0.0
  9
$UCSYDIR
 10
0.0
 20
1.0
 30
0.0
  9
$PUCSNAME
  2

  9
$PUCSORG
 10
0.0
 20
0.0
 30
0.0
  9
$PUCSXDIR
 10
1.0
 20
0.0
 30
0.0
  9
$PUCSYDIR
 10
0.0
 20
1.0
 30
0.0
  9
$USERI1
 70
     0
  9
$USERI2
 70
     0
  9
$USERI3
 70
     0
  9
$USERI4
 70
     0
  9
$USERI5
 70
     0
  9
$USERR1
 40
0.0
  9
$USERR2
 40
0.0
  9
$USERR3
 40
0.0
  9
$USERR4
 40
0.0
  9
$USERR5
 40
0.0
  9
$WORLDVIEW
 70
     1
  9
$SHADEDGE
 70
     3
  9
$SHADEDIF
 70
    70
  9
$TILEMODE
 70
     1
  9
$MAXACTVP
 70
    64
  9
$PINSBASE
 10
0.0
 20
0.0
 30
0.0
  9
$PLIMCHECK
 70
     0
  9
$PEXTMIN
 10
1.000000000000000E+20
 20
1.000000000000000E+20
 30
1.000000000000000E+20
  9
$PEXTMAX
 10
-1.000000000000000E+20
 20
-1.000000000000000E+20
 30
-1.000000000000000E+20
  9
$PLIMMIN
 10
0.0
 20
0.0
  9
$PLIMMAX
 10
420.0
 20
297.0
  9
$UNITMODE
 70
     0
  9
$VISRETAIN
 70
     1
  9
$PLINEGEN
 70
     0
  9
$PSLTSCALE
 70
     1
  9
$TREEDEPTH
 70
  3020
  9
$PICKSTYLE
 70
     1
  9
$CMLSTYLE
  2
STANDARD
  9
$CMLJUST
 70
     0
  9
$CMLSCALE
 40
20.0
  9
$PROXYGRAPHICS
 70
     1
  9
$MEASUREMENT
 70
     1
  0
ENDSEC
  0
SECTION
  2
CLASSES
  0
CLASS
  1
ACDBDICTIONARYWDFLT
  2
AcDbDictionaryWithDefault
  3
ObjectDBX Classes
 90
        0
280
     0
281
     0
  0
CLASS
  1
VISUALSTYLE
  2
AcDbVisualStyle
  3
ObjectDBX Classes
 90
     4095
280
     0
281
     0
  0
CLASS
  1
MATERIAL
  2
AcDbMaterial
  3
ObjectDBX Classes
 90
     1153
280
     0
281
     0
  0
CLASS
  1
SCALE
  2
AcDbScale
  3
ObjectDBX Classes
 90
     1153
280
     0
281
     0
  0
CLASS
  1
TABLESTYLE
  2
AcDbTableStyle
  3
ObjectDBX Classes
 90
     4095
280
     0
281
     0
  0
CLASS
  1
MLEADERSTYLE
  2
AcDbMLeaderStyle
  3
ACDB_MLEADERSTYLE_CLASS
 90
     4095
280
     0
281
     0
  0
CLASS
  1
SUN
  2
AcDbSun
  3
SCENEOE
 90
     1153
280
     0
281
     0
  0
CLASS
  1
SORTENTSTABLE
  2
AcDbSortentsTable
  3
ObjectDBX Classes
 90
        0
280
     0
281
     0
  0
CLASS
  1
DICTIONARYVAR
  2
AcDbDictionaryVar
  3
ObjectDBX Classes
 90
        0
280
     0
281
     0
  0
CLASS
  1
XRECORD
  2
AcDbXrecord
  3
ObjectDBX Classes
 90
        0
280
     0
281
     0
  0
CLASS
  1
LWPOLYLINE
  2
AcDbPolyline
  3
ObjectDBX Classes
 90
        0
280
     0
281
     1
  0
CLASS
  1
HATCH
  2
AcDbHatch
  3
ObjectDBX Classes
 90
        0
280
     0
281
     1
  0
CLASS
  1
ACDBPLACEHOLDER
  2
AcDbPlaceHolder
  3
ObjectDBX Classes
 90
        0
280
     0
281
     0
  0
CLASS
  1
LAYOUT
  2
AcDbLayout
  3
ObjectDBX Classes
 90
        0
280
     0
281
     0
  0
ENDSEC
  0
SECTION
  2
TABLES
  0
TABLE
  2
VPORT
  5
8
102
{ACAD_XDICTIONARY
360
1000037E
102
}
330
0
100
AcDbSymbolTable
 70
     1
  0
VPORT
  5
29
330
8
100
AcDbSymbolTableRecord
100
AcDbViewportTableRecord
  2
*ACTIVE
 70
     0
 10
0.0
 20
0.0
 11
1.0
 21
1.0
 12
344.1869158878504
 22
148.5
 13
0.0
 23
0.0
 14
10.0
 24
10.0
 15
10.0
 25
10.0
 16
0.0
 26
0.0
 36
1.0
 17
0.0
 27
0.0
 37
0.0
 40
297.0
 41
1.972972972850329
 42
50.0
 43
0.0
 44
0.0
 50
0.0
 51
0.0
 71
     0
 72
   100
 73
     1
 74
     3
 75
     0
 76
     0
 77
     0
 78
     0
  0
ENDTAB
  0
TABLE
  2
LTYPE
  5
5
330
0
100
AcDbSymbolTable
 70
     7
  0
LTYPE
  5
14
330
5
100
AcDbSymbolTableRecord
100
AcDbLinetypeTableRecord
  2
BYBLOCK
 70
     0
  3

 72
    65
 73
     0
 40
0.0
  0
LTYPE
  5
15
330
5
100
AcDbSymbolTableRecord
100
AcDbLinetypeTableRecord
  2
BYLAYER
 70
     0
  3

 72
    65
 73
     0
 40
0.0
  0
LTYPE
  5
16
330
5
100
AcDbSymbolTableRecord
100
AcDbLinetypeTableRecord
  2
CONTINUOUS
 70
     0
  3
Solid line
 72
    65
 73
     0
 40
0.0
  0
LTYPE
  5
10000024
330
5
100
AcDbSymbolTableRecord
100
AcDbLinetypeTableRecord
  2
ONS_PHANTOM
 70
     0
  3
Onshape Phantom line ______ __ __ ______
 72
    65
 73
     6
 40
0.4999999999999999
 49
0.25
 74
     0
 49
-0.05
 74
     0
 49
0.05
 74
     0
 49
-0.05
 74
     0
 49
0.05
 74
     0
 49
-0.05
 74
     0
  0
LTYPE
  5
10000025
330
5
100
AcDbSymbolTableRecord
100
AcDbLinetypeTableRecord
  2
CENTER
 70
     0
  3
Center line ____ _ ____ _ ____ _
 72
    65
 73
     4
 40
0.7874015748031495
 49
0.4921259842519685
 74
     0
 49
-0.0984251968503937
 74
     0
 49
0.0984251968503937
 74
     0
 49
-0.0984251968503937
 74
     0
  0
LTYPE
  5
10000026
330
5
100
AcDbSymbolTableRecord
100
AcDbLinetypeTableRecord
  2
DASHED
 70
     0
  3
Dashed line __ __ __ __ __
 72
    65
 73
     2
 40
0.75
 49
0.5
 74
     0
 49
-0.25
 74
     0
  0
LTYPE
  5
10000027
330
5
100
AcDbSymbolTableRecord
100
AcDbLinetypeTableRecord
  2
ONS_DASHDOT
 70
     0
  3
Onshape Dashed with Dot _ . ____ . ____
 72
    65
 73
     4
 40
0.71
 49
0.5
 74
     0
 49
-0.1
 74
     0
 49
0.01
 74
     0
 49
-0.1
 74
     0
  0
LTYPE
  5
10000028
330
5
100
AcDbSymbolTableRecord
100
AcDbLinetypeTableRecord
  2
ONS_DOTTED
 70
     0
  3
Onshape Dotted line . . . . . . .
 72
    65
 73
     2
 40
0.11
 49
0.01
 74
     0
 49
-0.1
 74
     0
  0
LTYPE
  5
10000029
330
5
100
AcDbSymbolTableRecord
100
AcDbLinetypeTableRecord
  2
HIDDEN
 70
     0
  3
Hidden line ____ ____ ____ ____ 
 72
    65
 73
     2
 40
0.15
 49
0.1
 74
     0
 49
-0.05
 74
     0
  0
ENDTAB
  0
TABLE
  2
LAYER
  5
2
330
0
100
AcDbSymbolTable
 70
    48
  0
LAYER
  5
10
330
2
100
AcDbSymbolTableRecord
100
AcDbLayerTableRecord
  2
0
 70
     0
 62
     7
  6
CONTINUOUS
  0
LAYER
  5
1000002A
330
2
100
AcDbSymbolTableRecord
100
AcDbLayerTableRecord
  2
SECTION_CUTTING_LINE
 70
     0
 62
     7
  6
ONS_DASHDOT
  0
LAYER
  5
1000002B
330
2
100
AcDbSymbolTableRecord
100
AcDbLayerTableRecord
  2
DETAIL_VIEW_BORDER
 70
     0
 62
     7
  6
CONTINUOUS
  0
LAYER
  5
1000002C
330
2
100
AcDbSymbolTableRecord
100
AcDbLayerTableRecord
  2
DETAIL_VIEW_PARENT_BORDER
 70
     0
 62
     7
  6
ONS_PHANTOM
  0
LAYER
  5
1000002D
330
2
100
AcDbSymbolTableRecord
100
AcDbLayerTableRecord
  2
TEXT
 70
     0
 62
     7
  6
CONTINUOUS
  0
LAYER
  5
1000002E
330
2
100
AcDbSymbolTableRecord
100
AcDbLayerTableRecord
  2
SKETCHED_GEOMETRY
 70
     0
 62
    -7
  6
CONTINUOUS
  0
LAYER
  5
1000002F
330
2
100
AcDbSymbolTableRecord
100
AcDbLayerTableRecord
  2
VIRTUAL_SHARPS
 70
     0
 62
    -7
  6
CONTINUOUS
  0
LAYER
  5
10000030
330
2
100
AcDbSymbolTableRecord
100
AcDbLayerTableRecord
  2
CENTERLINES
 70
     0
 62
    -7
  6
CENTER
  0
LAYER
  5
10000031
330
2
100
AcDbSymbolTableRecord
100
AcDbLayerTableRecord
  2
CENTERMARKS
 70
     0
 62
    -7
  6
CONTINUOUS
  0
LAYER
  5
10000032
330
2
100
AcDbSymbolTableRecord
100
AcDbLayerTableRecord
  2
TABLES
 70
     0
 62
     7
  6
CONTINUOUS
  0
LAYER
  5
10000033
330
2
100
AcDbSymbolTableRecord
100
AcDbLayerTableRecord
  2
IMAGES
 70
     0
 62
    -7
  6
CONTINUOUS
  0
LAYER
  5
10000034
330
2
100
AcDbSymbolTableRecord
100
AcDbLayerTableRecord
  2
ANNOTATION_LINES
 70
     0
 62
    -7
  6
CONTINUOUS
  0
LAYER
  5
10000035
330
2
100
AcDbSymbolTableRecord
100
AcDbLayerTableRecord
  2
ANNOTATION_TEXT
 70
     0
 62
    -7
  6
CONTINUOUS
  0
LAYER
  5
10000036
330
2
100
AcDbSymbolTableRecord
100
AcDbLayerTableRecord
  2
SIDE_THREAD_SYMBOLS
 70
     0
 62
     7
  6
CONTINUOUS
  0
LAYER
  5
10000037
330
2
100
AcDbSymbolTableRecord
100
AcDbLayerTableRecord
  2
SIDE_THREAD_SYMBOLS_HIDDEN
 70
     0
 62
    -7
  6
HIDDEN
  0
LAYER
  5
10000038
330
2
100
AcDbSymbolTableRecord
100
AcDbLayerTableRecord
  2
SURFACE_THREAD_SYMBOLS
 70
     0
 62
     7
  6
CONTINUOUS
  0
LAYER
  5
10000039
330
2
100
AcDbSymbolTableRecord
100
AcDbLayerTableRecord
  2
SURFACE_THREAD_SYMBOLS_ON_
 70
     0
 62
     7
  6
CONTINUOUS
  0
LAYER
  5
1000003A
330
2
100
AcDbSymbolTableRecord
100
AcDbLayerTableRecord
  2
SURFACE_THREAD_SYMBOLS_HID
 70
     0
 62
    -7
  6
HIDDEN
  0
LAYER
  5
1000003B
330
2
100
AcDbSymbolTableRecord
100
AcDbLayerTableRecord
  2
BLIND_THREAD_SYMBOLS
 70
     0
 62
     7
  6
CONTINUOUS
  0
LAYER
  5
1000003C
330
2
100
AcDbSymbolTableRecord
100
AcDbLayerTableRecord
  2
BLIND_THREAD_SYMBOLS_HIDDE
 70
     0
 62
    -7
  6
HIDDEN
  0
LAYER
  5
1000003D
330
2
100
AcDbSymbolTableRecord
100
AcDbLayerTableRecord
  2
EXPLODE_LINES
 70
     0
 62
     7
  6
ONS_PHANTOM
  0
LAYER
  5
1000003E
330
2
100
AcDbSymbolTableRecord
100
AcDbLayerTableRecord
  2
HIDDEN_EXPLODE_LINES
 70
     0
 62
    -7
  6
ONS_PHANTOM
  0
LAYER
  5
1000003F
330
2
100
AcDbSymbolTableRecord
100
AcDbLayerTableRecord
  2
BREAK_LINES
 70
     0
 62
    -7
  6
CONTINUOUS
  0
LAYER
  5
10000040
330
2
100
AcDbSymbolTableRecord
100
AcDbLayerTableRecord
  2
SHEETMETAL_BEND_LINES_UP
 70
     0
 62
     7
  6
CENTER
  0
LAYER
  5
10000041
330
2
100
AcDbSymbolTableRecord
100
AcDbLayerTableRecord
  2
SHEETMETAL_BEND_LINES_DOWN
 70
     0
 62
     7
  6
CENTER
  0
LAYER
  5
10000042
330
2
100
AcDbSymbolTableRecord
100
AcDbLayerTableRecord
  2
SHEETMETAL_BEND_TANGENT_LI
 70
     0
 62
     7
  6
CONTINUOUS
  0
LAYER
  5
10000043
330
2
100
AcDbSymbolTableRecord
100
AcDbLayerTableRecord
  2
SHEETMETAL_CUT_LINES
 70
     0
 62
     7
  6
CONTINUOUS
  0
LAYER
  5
10000044
330
2
100
AcDbSymbolTableRecord
100
AcDbLayerTableRecord
  2
SHEETMETAL_CBORE_CSINK_UP
 70
     0
 62
     7
  6
CONTINUOUS
  0
LAYER
  5
10000045
330
2
100
AcDbSymbolTableRecord
100
AcDbLayerTableRecord
  2
SHEETMETAL_CBORE_CSINK_DOW
 70
     0
 62
     7
  6
CONTINUOUS
  0
LAYER
  5
10000046
330
2
100
AcDbSymbolTableRecord
100
AcDbLayerTableRecord
  2
SHEETMETAL_CBORE_CSINK_UP_
 70
     0
 62
    -7
  6
HIDDEN
  0
LAYER
  5
10000047
330
2
100
AcDbSymbolTableRecord
100
AcDbLayerTableRecord
  2
SHEETMETAL_CBORE_CSINK_DO0
 70
     0
 62
    -7
  6
HIDDEN
  0
LAYER
  5
10000048
330
2
100
AcDbSymbolTableRecord
100
AcDbLayerTableRecord
  2
SHEETMETAL_FORM_TEAR
 70
     0
 62
     7
  6
CONTINUOUS
  0
LAYER
  5
10000049
330
2
100
AcDbSymbolTableRecord
100
AcDbLayerTableRecord
  2
SHEETMETAL_FORM_UP
 70
     0
 62
     7
  6
CENTER
  0
LAYER
  5
1000004A
330
2
100
AcDbSymbolTableRecord
100
AcDbLayerTableRecord
  2
SHEETMETAL_FORM_DOWN
 70
     0
 62
     7
  6
CENTER
  0
LAYER
  5
1000004B
330
2
100
AcDbSymbolTableRecord
100
AcDbLayerTableRecord
  2
SHEETMETAL_FORM_CENTERMARK
 70
     0
 62
     7
  6
CENTER
  0
LAYER
  5
1000004C
330
2
100
AcDbSymbolTableRecord
100
AcDbLayerTableRecord
  2
REGION_ASSOC_POINTS
 70
     0
 62
    -7
  6
CONTINUOUS
  0
LAYER
  5
1000004D
330
2
100
AcDbSymbolTableRecord
100
AcDbLayerTableRecord
  2
PATTERN_CENTERLINES
 70
     1
 62
    -7
  6
CENTER
  0
LAYER
  5
1000004E
330
2
100
AcDbSymbolTableRecord
100
AcDbLayerTableRecord
  2
HIDDEN
 70
     0
 62
    -7
  6
HIDDEN
  0
LAYER
  5
1000004F
330
2
100
AcDbSymbolTableRecord
100
AcDbLayerTableRecord
  2
VISIBLE
 70
     0
 62
     7
  6
CONTINUOUS
  0
LAYER
  5
10000050
330
2
100
AcDbSymbolTableRecord
100
AcDbLayerTableRecord
  2
MODELSKETCH_VISIBLE
 70
     0
 62
     7
  6
CONTINUOUS
  0
LAYER
  5
10000051
330
2
100
AcDbSymbolTableRecord
100
AcDbLayerTableRecord
  2
MODELSKETCH_POINT
 70
     0
 62
     7
  6
CONTINUOUS
  0
LAYER
  5
10000052
330
2
100
AcDbSymbolTableRecord
100
AcDbLayerTableRecord
  2
MODELSKETCH_CONSTRUCTION
 70
     0
 62
    -7
  6
CENTER
  0
LAYER
  5
10000053
330
2
100
AcDbSymbolTableRecord
100
AcDbLayerTableRecord
  2
HIDDEN_BASE_VIEW
 70
     0
 62
     7
  6
CONTINUOUS
  0
LAYER
  5
10000054
330
2
100
AcDbSymbolTableRecord
100
AcDbLayerTableRecord
  2
TANGENT_LINES
 70
     0
 62
    -7
  6
CONTINUOUS
  0
LAYER
  5
10000055
330
2
100
AcDbSymbolTableRecord
100
AcDbLayerTableRecord
  2
TANGENT_HIDDEN
 70
     0
 62
    -7
  6
HIDDEN
  0
LAYER
  5
10000056
330
2
100
AcDbSymbolTableRecord
100
AcDbLayerTableRecord
  2
INVISIBLE_LINES
 70
     0
 62
    -7
  6
CONTINUOUS
  0
LAYER
  5
10000057
330
2
100
AcDbSymbolTableRecord
100
AcDbLayerTableRecord
  2
VIEW_HATCHES
 70
     0
 62
    -7
  6
CONTINUOUS
  0
LAYER
  5
10000058
330
2
100
AcDbSymbolTableRecord
100
AcDbLayerTableRecord
  2
SECTION_JOG_LINES
 70
     0
 62
    -7
  6
CONTINUOUS
  0
ENDTAB
  0
TABLE
  2
STYLE
  5
3
330
0
100
AcDbSymbolTable
 70
     2
  0
STYLE
  5
11
330
3
100
AcDbSymbolTableRecord
100
AcDbTextStyleTableRecord
  2
STANDARD
 70
     0
 40
0.0
 41
1.0
 50
0.0
 71
     0
 42
2.5
  3
txt
  4

  0
STYLE
  5
10000004
330
3
100
AcDbSymbolTableRecord
100
AcDbTextStyleTableRecord
  2
TTFSTYLE
 70
     0
 40
0.0
 41
1.0
 50
0.0
 71
     0
 42
2.5
  3

  4

1001
ACAD
1000
Verdana
1071
       34
  0
ENDTAB
  0
TABLE
  2
VIEW
  5
6
330
0
100
AcDbSymbolTable
 70
     0
  0
ENDTAB
  0
TABLE
  2
UCS
  5
7
330
0
100
AcDbSymbolTable
 70
     0
  0
ENDTAB
  0
TABLE
  2
APPID
  5
9
330
0
100
AcDbSymbolTable
 70
     2
  0
APPID
  5
12
330
9
100
AcDbSymbolTableRecord
100
AcDbRegAppTableRecord
  2
ACAD
 70
     0
  0
APPID
  5
10000388
330
9
100
AcDbSymbolTableRecord
100
AcDbRegAppTableRecord
  2
ACAD_MLEADERVER
 70
     0
  0
ENDTAB
  0
TABLE
  2
DIMSTYLE
  5
A
330
0
100
AcDbSymbolTable
 70
     1
  0
DIMSTYLE
105
27
330
A
100
AcDbSymbolTableRecord
100
AcDbDimStyleTableRecord
  2
ISO-25
 70
     0
  3

  4

  5

  6

  7

 40
1.0
 41
2.5
 42
0.625
 43
3.75
 44
1.25
 45
0.0
 46
0.0
 47
0.0
 48
0.0
140
2.5
141
2.5
142
0.0
143
0.03937007874016
144
1.0
145
0.0
146
1.0
147
0.625
 71
     0
 72
     0
 73
     0
 74
     0
 75
     0
 76
     0
 77
     1
 78
     8
170
     0
171
     3
172
     1
173
     0
174
     0
175
     0
176
     0
177
     0
178
     0
270
     2
271
     2
272
     2
273
     2
274
     3
340
11
275
     0
280
     0
281
     0
282
     0
283
     0
284
     8
285
     0
286
     0
287
     3
288
     0
  0
ENDTAB
  0
TABLE
  2
BLOCK_RECORD
  5
1
330
0
100
AcDbSymbolTable
 70
     0
  0
BLOCK_RECORD
  5
1F
102
{ACAD_XDICTIONARY
360
1000034F
102
}
330
1
100
AcDbSymbolTableRecord
100
AcDbBlockTableRecord
  2
*MODEL_SPACE
  0
BLOCK_RECORD
  5
1B
330
1
100
AcDbSymbolTableRecord
100
AcDbBlockTableRecord
  2
*PAPER_SPACE
  0
ENDTAB
  0
ENDSEC
  0
SECTION
  2
BLOCKS
  0
BLOCK
  5
20
330
1F
100
AcDbEntity
  8
0
100
AcDbBlockBegin
  2
*MODEL_SPACE
 70
     0
 10
0.0
 20
0.0
 30
0.0
  3
*MODEL_SPACE
  1

  0
ENDBLK
  5
21
330
1F
100
AcDbEntity
  8
0
100
AcDbBlockEnd
  0
BLOCK
  5
1C
330
1B
100
AcDbEntity
 67
     1
  8
0
100
AcDbBlockBegin
  2
*PAPER_SPACE
 70
     0
 10
0.0
 20
0.0
 30
0.0
  3
*PAPER_SPACE
  1

  0
ENDBLK
  5
1D
330
1B
100
AcDbEntity
 67
     1
  8
0
100
AcDbBlockEnd
  0
ENDSEC
  0
SECTION
  2
ENTITIES
  0
LINE
  5
10000059
102
{ACAD_XDICTIONARY
360
1000005A
102
}
330
1F
100
AcDbEntity
  8
VISIBLE
100
AcDbLine
 10
-20.85257947186053
 20
-4.837780368283112
 30
0.0
 11
-34.62984042522785
 21
-22.22255667913318
 31
0.0
  0
LINE
  5
1000005D
102
{ACAD_XDICTIONARY
360
1000005E
102
}
330
1F
100
AcDbEntity
  8
VISIBLE
100
AcDbLine
 10
-34.62984042522785
 20
-22.22255667913318
 30
0.0
 11
-35.99079817775625
 21
-23.78924560818406
 31
0.0
  0
ARC
  5
10000061
102
{ACAD_XDICTIONARY
360
10000062
102
}
330
1F
100
AcDbEntity
  8
VISIBLE
100
AcDbCircle
 10
-34.55642205696568
 20
-25.03526532877672
 30
0.0
 40
1.899999999999999
100
AcDbArc
 50
139.0196731014121
 51
197.746171306789
  0
ARC
  5
10000067
102
{ACAD_XDICTIONARY
360
10000068
102
}
330
1F
100
AcDbEntity
  8
VISIBLE
100
AcDbCircle
 10
-32.55634810092872
 20
-24.39518395094654
 30
0.0
 40
3.999999999967212
100
AcDbArc
 50
197.7461713067786
 51
199.7007332803776
  0
ARC
  5
1000006D
102
{ACAD_XDICTIONARY
360
1000006E
102
}
330
1F
100
AcDbEntity
  8
VISIBLE
100
AcDbCircle
 10
-33.49781433143464
 20
-24.73229125841902
 30
0.0
 40
3.000000000000048
100
AcDbArc
 50
199.7007332803716
 51
249.1361958907732
  0
LINE
  5
10000073
102
{ACAD_XDICTIONARY
360
10000074
102
}
330
1F
100
AcDbEntity
  8
VISIBLE
100
AcDbLine
 10
-30.7318636793974
 20
-28.99701799005402
 30
0.0
 11
-34.56625760004193
 21
-27.53558021636967
 31
0.0
  0
ARC
  5
10000077
102
{ACAD_XDICTIONARY
360
10000078
102
}
330
1F
100
AcDbEntity
  8
VISIBLE
100
AcDbCircle
 10
-31.80030694800467
 20
-31.80030694800463
 30
0.0
 40
3.000000000000004
100
AcDbArc
 50
20.86380410922626
 51
69.1361958907734
  0
LINE
  5
1000007D
102
{ACAD_XDICTIONARY
360
1000007E
102
}
330
1F
100
AcDbEntity
  8
VISIBLE
100
AcDbLine
 10
-27.53558021636974
 20
-34.56625760004189
 30
0.0
 11
-28.99701799005405
 21
-30.73186367939738
 31
0.0
  0
ARC
  5
10000081
102
{ACAD_XDICTIONARY
360
10000082
102
}
330
1F
100
AcDbEntity
  8
VISIBLE
100
AcDbCircle
 10
-24.73229125841914
 20
-33.49781433143465
 30
0.0
 40
2.999999999999979
100
AcDbArc
 50
200.8638041092261
 51
250.2992667196279
  0
ARC
  5
10000087
102
{ACAD_XDICTIONARY
360
10000088
102
}
330
1F
100
AcDbEntity
  8
VISIBLE
100
AcDbCircle
 10
-24.395183950947
 20
-32.55634810093053
 30
0.0
 40
3.99999999996537
100
AcDbArc
 50
250.2992667196179
 51
252.2538286932175
  0
ARC
  5
1000008D
102
{ACAD_XDICTIONARY
360
1000008E
102
}
330
1F
100
AcDbEntity
  8
VISIBLE
100
AcDbCircle
 10
-25.03526532877683
 20
-34.55642205696567
 30
0.0
 40
1.89999999999998
100
AcDbArc
 50
252.2538286932093
 51
310.9803268985882
  0
LINE
  5
10000093
102
{ACAD_XDICTIONARY
360
10000094
102
}
330
1F
100
AcDbEntity
  8
VISIBLE
100
AcDbLine
 10
-22.22255667913326
 20
-34.6298404252278
 30
0.0
 11
-23.78924560818417
 21
-35.99079817775621
 31
0.0
  0
LINE
  5
10000097
102
{ACAD_XDICTIONARY
360
10000098
102
}
330
1F
100
AcDbEntity
  8
VISIBLE
100
AcDbLine
 10
-4.837780368283043
 20
-20.85257947186032
 30
0.0
 11
-22.22255667913326
 21
-34.6298404252278
 31
0.0
  0
ARC
  5
1000009B
102
{ACAD_XDICTIONARY
360
1000009C
102
}
330
1F
100
AcDbEntity
  8
VISIBLE
100
AcDbCircle
 10
-4.181980515339461
 20
-21.60751427227634
 30
0.0
 40
1.0
100
AcDbArc
 50
0.0
 51
130.9803268985938
  0
LINE
  5
100000A1
102
{ACAD_XDICTIONARY
360
100000A2
102
}
330
1F
100
AcDbEntity
  8
VISIBLE
100
AcDbLine
 10
-3.181980515339461
 20
-57.07600891479359
 30
0.0
 11
-3.181980515339461
 21
-21.60751427227634
 31
0.0
  0
ARC
  5
100000A5
102
{ACAD_XDICTIONARY
360
100000A6
102
}
330
1F
100
AcDbEntity
  8
VISIBLE
100
AcDbCircle
 10
-17.1819805153394
 20
-57.0760089147936
 30
0.0
 40
13.99999999999994
100
AcDbArc
 50
323.7153963055325
 51
0.0
  0
ARC
  5
100000AB
102
{ACAD_XDICTIONARY
360
100000AC
102
}
330
1F
100
AcDbEntity
  8
VISIBLE
100
AcDbCircle
 10
-5.493714133257884
 20
-65.65705949042265
 30
0.0
 40
0.5000000000000678
100
AcDbArc
 50
143.7153963055315
 51
179.9999999999984
  0
LINE
  5
100000B1
102
{ACAD_XDICTIONARY
360
100000B2
102
}
330
1F
100
AcDbEntity
  8
VISIBLE
100
AcDbLine
 10
-5.993714133257949
 20
-65.65705949042264
 30
0.0
 11
-5.993714133257974
 21
-74.29941449720035
 31
0.0
  0
ARC
  5
100000B5
102
{ACAD_XDICTIONARY
360
100000B6
102
}
330
1F
100
AcDbEntity
  8
VISIBLE
100
AcDbCircle
 10
-5.493714133257933
 20
-74.29941449720035
 30
0.0
 40
0.5000000000000435
100
AcDbArc
 50
180.0
 51
222.0568183772568
  0
LINE
  5
100000BB
102
{ACAD_XDICTIONARY
360
100000BC
102
}
330
1F
100
AcDbEntity
  8
VISIBLE
100
AcDbLine
 10
-2.338814850533506
 20
-78.54272174847961
 30
0.0
 11
-5.864954585723571
 21
-74.63434811219456
 31
0.0
  0
ARC
  5
100000BF
102
{ACAD_XDICTIONARY
360
100000C0
102
}
330
1F
100
AcDbEntity
  8
VISIBLE
100
AcDbCircle
 10
0.0000000000000846
 20
-76.43263997401598
 30
0.0
 40
3.15
100
AcDbArc
 50
222.056818377257
 51
317.9431816227416
  0
LINE
  5
100000C5
102
{ACAD_XDICTIONARY
360
100000C6
102
}
330
1F
100
AcDbEntity
  8
VISIBLE
100
AcDbLine
 10
5.864954585723464
 20
-74.63434811219501
 30
0.0
 11
2.338814850533577
 21
-78.54272174847962
 31
0.0
  0
ARC
  5
100000C9
102
{ACAD_XDICTIONARY
360
100000CA
102
}
330
1F
100
AcDbEntity
  8
VISIBLE
100
AcDbCircle
 10
5.493714133257705
 20
-74.29941449720067
 30
0.0
 40
0.5000000000001523
100
AcDbArc
 50
317.9431816227416
 51
0.0
  0
LINE
  5
100000CF
102
{ACAD_XDICTIONARY
360
100000D0
102
}
330
1F
100
AcDbEntity
  8
VISIBLE
100
AcDbLine
 10
5.993714133257947
 20
-65.65705949042264
 30
0.0
 11
5.993714133257941
 21
-74.29941449720067
 31
0.0
  0
ARC
  5
100000D3
102
{ACAD_XDICTIONARY
360
100000D4
102
}
330
1F
100
AcDbEntity
  8
VISIBLE
100
AcDbCircle
 10
5.4937141332579
 20
-65.65705949042265
 30
0.0
 40
0.5000000000000488
100
AcDbArc
 50
0.0
 51
36.28460369446978
  0
ARC
  5
100000D9
102
{ACAD_XDICTIONARY
360
100000DA
102
}
330
1F
100
AcDbEntity
  8
VISIBLE
100
AcDbCircle
 10
17.18198051533943
 20
-57.0760089147936
 30
0.0
 40
13.99999999999997
100
AcDbArc
 50
180.0
 51
216.2846036944675
  0
LINE
  5
100000DF
102
{ACAD_XDICTIONARY
360
100000E0
102
}
330
1F
100
AcDbEntity
  8
VISIBLE
100
AcDbLine
 10
3.181980515339458
 20
-57.0760089147936
 30
0.0
 11
3.181980515339458
 21
-17.0
 31
0.0
  0
ARC
  5
100000E3
102
{ACAD_XDICTIONARY
360
100000E4
102
}
330
1F
100
AcDbEntity
  8
VISIBLE
100
AcDbCircle
 10
4.181980515339456
 20
-17.0
 30
0.0
 40
0.9999999999999979
100
AcDbArc
 50
90.0
 51
180.0
  0
LINE
  5
100000E9
102
{ACAD_XDICTIONARY
360
100000EA
102
}
330
1F
100
AcDbEntity
  8
VISIBLE
100
AcDbLine
 10
4.181980515339456
 20
-16.0
 30
0.0
 11
12.0
 21
-16.0
 31
0.0
  0
ARC
  5
100000ED
102
{ACAD_XDICTIONARY
360
100000EE
102
}
330
1F
100
AcDbEntity
  8
VISIBLE
100
AcDbCircle
 10
12.0
 20
-12.0
 30
0.0
 40
4.000000000000004
100
AcDbArc
 50
270.0
 51
0.0
  0
LINE
  5
100000F3
102
{ACAD_XDICTIONARY
360
100000F4
102
}
330
1F
100
AcDbEntity
  8
VISIBLE
100
AcDbLine
 10
16.0
 20
-12.0
 30
0.0
 11
16.0
 21
-4.181980515339466
 31
0.0
  0
ARC
  5
100000F7
102
{ACAD_XDICTIONARY
360
100000F8
102
}
330
1F
100
AcDbEntity
  8
VISIBLE
100
AcDbCircle
 10
17.0
 20
-4.181980515339466
 30
0.0
 40
0.999999999999997
100
AcDbArc
 50
90.0
 51
180.0
  0
LINE
  5
100000FD
102
{ACAD_XDICTIONARY
360
100000FE
102
}
330
1F
100
AcDbEntity
  8
VISIBLE
100
AcDbLine
 10
57.0760089147936
 20
-3.181980515339459
 30
0.0
 11
17.0
 21
-3.181980515339466
 31
0.0
  0
ARC
  5
10000101
102
{ACAD_XDICTIONARY
360
10000102
102
}
330
1F
100
AcDbEntity
  8
VISIBLE
100
AcDbCircle
 10
57.0760089147936
 20
-17.18198051533944
 30
0.0
 40
13.99999999999999
100
AcDbArc
 50
53.71539630553261
 51
90.0
  0
ARC
  5
10000107
102
{ACAD_XDICTIONARY
360
10000108
102
}
330
1F
100
AcDbEntity
  8
VISIBLE
100
AcDbCircle
 10
65.65705949042261
 20
-5.493714133257926
 30
0.0
 40
0.5000000000000111
100
AcDbArc
 50
233.7153963055308
 51
270.0000000000016
  0
LINE
  5
1000010D
102
{ACAD_XDICTIONARY
360
1000010E
102
}
330
1F
100
AcDbEntity
  8
VISIBLE
100
AcDbLine
 10
65.65705949042263
 20
-5.993714133257944
 30
0.0
 11
74.29941449720047
 21
-5.99371413325803
 31
0.0
  0
ARC
  5
10000111
102
{ACAD_XDICTIONARY
360
10000112
102
}
330
1F
100
AcDbEntity
  8
VISIBLE
100
AcDbCircle
 10
74.29941449720047
 20
-5.493714133257945
 30
0.0
 40
0.5000000000000823
100
AcDbArc
 50
270.0
 51
312.0568183772558
  0
LINE
  5
10000117
102
{ACAD_XDICTIONARY
360
10000118
102
}
330
1F
100
AcDbEntity
  8
VISIBLE
100
AcDbLine
 10
74.63434811219487
 20
-5.864954585723801
 30
0.0
 11
78.5427217484797
 21
-2.338814850533719
 31
0.0
  0
ARC
  5
1000011B
102
{ACAD_XDICTIONARY
360
1000011C
102
}
330
1F
100
AcDbEntity
  8
VISIBLE
100
AcDbCircle
 10
76.43263997401597
 20
-0.0000000000001203
 30
0.0
 40
3.149999999999999
100
AcDbArc
 50
312.0568183772584
 51
47.94318162274299
  0
LINE
  5
10000121
102
{ACAD_XDICTIONARY
360
10000122
102
}
330
1F
100
AcDbEntity
  8
VISIBLE
100
AcDbLine
 10
78.5427217484796
 20
2.33881485053347
 30
0.0
 11
74.63434811219454
 21
5.864954585723536
 31
0.0
  0
ARC
  5
10000125
102
{ACAD_XDICTIONARY
360
10000126
102
}
330
1F
100
AcDbEntity
  8
VISIBLE
100
AcDbCircle
 10
74.29941449720033
 20
5.493714133257954
 30
0.0
 40
0.4999999999999861
100
AcDbArc
 50
47.94318162273898
 51
90.0
  0
LINE
  5
1000012B
102
{ACAD_XDICTIONARY
360
1000012C
102
}
330
1F
100
AcDbEntity
  8
VISIBLE
100
AcDbLine
 10
65.65705949042264
 20
5.993714133257946
 30
0.0
 11
74.29941449720033
 21
5.993714133257929
 31
0.0
  0
ARC
  5
1000012F
102
{ACAD_XDICTIONARY
360
10000130
102
}
330
1F
100
AcDbEntity
  8
VISIBLE
100
AcDbCircle
 10
65.65705949042265
 20
5.493714133257883
 30
0.0
 40
0.5000000000000678
100
AcDbArc
 50
90.00000000000162
 51
126.2846036944685
  0
ARC
  5
10000135
102
{ACAD_XDICTIONARY
360
10000136
102
}
330
1F
100
AcDbEntity
  8
VISIBLE
100
AcDbCircle
 10
57.0760089147936
 20
17.1819805153394
 30
0.0
 40
13.99999999999995
100
AcDbArc
 50
269.9999999999999
 51
306.2846036944675
  0
LINE
  5
1000013B
102
{ACAD_XDICTIONARY
360
1000013C
102
}
330
1F
100
AcDbEntity
  8
VISIBLE
100
AcDbLine
 10
57.07600891479359
 20
3.181980515339458
 30
0.0
 11
21.60751427227704
 21
3.181980515339893
 31
0.0
  0
ARC
  5
1000013F
102
{ACAD_XDICTIONARY
360
10000140
102
}
330
1F
100
AcDbEntity
  8
VISIBLE
100
AcDbCircle
 10
21.60751427227704
 20
4.181980515339893
 30
0.0
 40
0.9999999999999987
100
AcDbArc
 50
139.0196731014133
 51
269.9999999999996
  0
LINE
  5
10000145
102
{ACAD_XDICTIONARY
360
10000146
102
}
330
1F
100
AcDbEntity
  8
VISIBLE
100
AcDbLine
 10
20.85257947186094
 20
4.837780368283381
 30
0.0
 11
32.74590610768689
 21
19.23109194399505
 31
0.0
  0
ARC
  5
10000149
102
{ACAD_XDICTIONARY
360
1000014A
102
}
330
1F
100
AcDbEntity
  8
VISIBLE
100
AcDbCircle
 10
31.58958970627884
 20
20.186566893868
 30
0.0
 40
1.499999999999996
100
AcDbArc
 50
320.4327621861026
 51
45.10748715688852
  0
LINE
  5
1000014F
102
{ACAD_XDICTIONARY
360
10000150
102
}
330
1F
100
AcDbEntity
  8
VISIBLE
100
AcDbLine
 10
21.2262061891866
 20
32.62849156977923
 30
0.0
 11
32.64825820922164
 21
21.24921500160492
 31
0.0
  0
ARC
  5
10000153
102
{ACAD_XDICTIONARY
360
10000154
102
}
330
1F
100
AcDbEntity
  8
VISIBLE
100
AcDbCircle
 10
20.16753768624379
 20
31.56584346204232
 30
0.0
 40
1.500000000000001
100
AcDbArc
 50
45.10748715688771
 51
129.5482307144218
  0
LINE
  5
10000159
102
{ACAD_XDICTIONARY
360
1000015A
102
}
330
1F
100
AcDbEntity
  8
VISIBLE
100
AcDbLine
 10
19.21244638125622
 20
32.72247676570305
 30
0.0
 11
4.837780368283081
 21
20.85257947186018
 31
0.0
  0
ARC
  5
1000015D
102
{ACAD_XDICTIONARY
360
1000015E
102
}
330
1F
100
AcDbEntity
  8
VISIBLE
100
AcDbCircle
 10
4.181980515339451
 20
21.6075142722763
 30
0.0
 40
0.9999999999999996
100
AcDbArc
 50
180.0
 51
310.9803268985922
  0
LINE
  5
10000163
102
{ACAD_XDICTIONARY
360
10000164
102
}
330
1F
100
AcDbEntity
  8
VISIBLE
100
AcDbLine
 10
3.181980515339454
 20
57.07600891479359
 30
0.0
 11
3.181980515339455
 21
21.6075142722763
 31
0.0
  0
ARC
  5
10000167
102
{ACAD_XDICTIONARY
360
10000168
102
}
330
1F
100
AcDbEntity
  8
VISIBLE
100
AcDbCircle
 10
17.1819805153395
 20
57.07600891479348
 30
0.0
 40
13.99999999999994
100
AcDbArc
 50
143.7153963055332
 51
179.9999999999995
  0
ARC
  5
1000016D
102
{ACAD_XDICTIONARY
360
1000016E
102
}
330
1F
100
AcDbEntity
  8
VISIBLE
100
AcDbCircle
 10
5.493714133257943
 20
65.65705949042233
 30
0.0
 40
0.5000000000000013
100
AcDbArc
 50
323.7153963055327
 51
0.0
  0
LINE
  5
10000173
102
{ACAD_XDICTIONARY
360
10000174
102
}
330
1F
100
AcDbEntity
  8
VISIBLE
100
AcDbLine
 10
5.993714133257942
 20
65.65705949042234
 30
0.0
 11
5.99371413325794
 21
74.29941449720029
 31
0.0
  0
ARC
  5
10000177
102
{ACAD_XDICTIONARY
360
10000178
102
}
330
1F
100
AcDbEntity
  8
VISIBLE
100
AcDbCircle
 10
5.493714133257923
 20
74.29941449720029
 30
0.0
 40
0.5000000000000414
100
AcDbArc
 50
0.0
 51
42.05681837725736
  0
LINE
  5
1000017D
102
{ACAD_XDICTIONARY
360
1000017E
102
}
330
1F
100
AcDbEntity
  8
VISIBLE
100
AcDbLine
 10
2.338814850533578
 20
78.54272174847964
 30
0.0
 11
5.8649545857236
 21
74.63434811219454
 31
0.0
  0
ARC
  5
10000181
102
{ACAD_XDICTIONARY
360
10000182
102
}
330
1F
100
AcDbEntity
  8
VISIBLE
100
AcDbCircle
 10
-0.0000000000000924
 20
76.43263997401594
 30
0.0
 40
3.15
100
AcDbArc
 50
42.05681837725701
 51
137.9431816227417
  0
LINE
  5
10000187
102
{ACAD_XDICTIONARY
360
10000188
102
}
330
1F
100
AcDbEntity
  8
VISIBLE
100
AcDbLine
 10
-5.864954585723699
 20
74.63434811219454
 30
0.0
 11
-2.338814850533637
 21
78.54272174847962
 31
0.0
  0
ARC
  5
1000018B
102
{ACAD_XDICTIONARY
360
1000018C
102
}
330
1F
100
AcDbEntity
  8
VISIBLE
100
AcDbCircle
 10
-5.493714133257994
 20
74.29941449720027
 30
0.0
 40
0.50000000000008
100
AcDbArc
 50
137.9431816227435
 51
180.0
  0
LINE
  5
10000191
102
{ACAD_XDICTIONARY
360
10000192
102
}
330
1F
100
AcDbEntity
  8
VISIBLE
100
AcDbLine
 10
-5.993714133257948
 20
65.65705949042264
 30
0.0
 11
-5.993714133258076
 21
74.29941449720027
 31
0.0
  0
ARC
  5
10000195
102
{ACAD_XDICTIONARY
360
10000196
102
}
330
1F
100
AcDbEntity
  8
VISIBLE
100
AcDbCircle
 10
-5.493714133257844
 20
65.65705949042265
 30
0.0
 40
0.5000000000001067
100
AcDbArc
 50
180.0000000000016
 51
216.2846036944656
  0
ARC
  5
1000019B
102
{ACAD_XDICTIONARY
360
1000019C
102
}
330
1F
100
AcDbEntity
  8
VISIBLE
100
AcDbCircle
 10
-17.18198051533943
 20
57.0760089147936
 30
0.0
 40
13.99999999999997
100
AcDbArc
 50
0.0
 51
36.28460369446749
  0
LINE
  5
100001A1
102
{ACAD_XDICTIONARY
360
100001A2
102
}
330
1F
100
AcDbEntity
  8
VISIBLE
100
AcDbLine
 10
-3.181980515339463
 20
57.0760089147936
 30
0.0
 11
-3.181980515339465
 21
17.0
 31
0.0
  0
ARC
  5
100001A5
102
{ACAD_XDICTIONARY
360
100001A6
102
}
330
1F
100
AcDbEntity
  8
VISIBLE
100
AcDbCircle
 10
-4.181980515339463
 20
17.0
 30
0.0
 40
0.9999999999999979
100
AcDbArc
 50
270.0
 51
0.0
  0
LINE
  5
100001AB
102
{ACAD_XDICTIONARY
360
100001AC
102
}
330
1F
100
AcDbEntity
  8
VISIBLE
100
AcDbLine
 10
-12.0
 20
16.0
 30
0.0
 11
-4.181980515339463
 21
16.0
 31
0.0
  0
ARC
  5
100001AF
102
{ACAD_XDICTIONARY
360
100001B0
102
}
330
1F
100
AcDbEntity
  8
VISIBLE
100
AcDbCircle
 10
-11.99999999999999
 20
11.99999999999999
 30
0.0
 40
4.000000000000006
100
AcDbArc
 50
90.0000000000001
 51
179.9999999999999
  0
LINE
  5
100001B5
102
{ACAD_XDICTIONARY
360
100001B6
102
}
330
1F
100
AcDbEntity
  8
VISIBLE
100
AcDbLine
 10
-16.0
 20
4.181980515339463
 30
0.0
 11
-16.0
 21
12.0
 31
0.0
  0
ARC
  5
100001B9
102
{ACAD_XDICTIONARY
360
100001BA
102
}
330
1F
100
AcDbEntity
  8
VISIBLE
100
AcDbCircle
 10
-17.0
 20
4.181980515339463
 30
0.0
 40
0.9999999999999979
100
AcDbArc
 50
270.0
 51
0.0
  0
LINE
  5
100001BF
102
{ACAD_XDICTIONARY
360
100001C0
102
}
330
1F
100
AcDbEntity
  8
VISIBLE
100
AcDbLine
 10
-57.07600891479359
 20
3.181980515339459
 30
0.0
 11
-17.0
 21
3.181980515339465
 31
0.0
  0
ARC
  5
100001C3
102
{ACAD_XDICTIONARY
360
100001C4
102
}
330
1F
100
AcDbEntity
  8
VISIBLE
100
AcDbCircle
 10
-57.0760089147936
 20
17.1819805153394
 30
0.0
 40
13.99999999999995
100
AcDbArc
 50
233.7153963055324
 51
270.0
  0
ARC
  5
100001C9
102
{ACAD_XDICTIONARY
360
100001CA
102
}
330
1F
100
AcDbEntity
  8
VISIBLE
100
AcDbCircle
 10
-65.65705949042265
 20
5.493714133257883
 30
0.0
 40
0.5000000000000678
100
AcDbArc
 50
53.7153963055318
 51
89.99999999999837
  0
LINE
  5
100001CF
102
{ACAD_XDICTIONARY
360
100001D0
102
}
330
1F
100
AcDbEntity
  8
VISIBLE
100
AcDbLine
 10
-65.65705949042264
 20
5.993714133257948
 30
0.0
 11
-74.29941449720033
 21
5.993714133257944
 31
0.0
  0
ARC
  5
100001D3
102
{ACAD_XDICTIONARY
360
100001D4
102
}
330
1F
100
AcDbEntity
  8
VISIBLE
100
AcDbCircle
 10
-74.29941449720033
 20
5.493714133257956
 30
0.0
 40
0.4999999999999835
100
AcDbArc
 50
90.0
 51
132.0568183772625
  0
LINE
  5
100001D9
102
{ACAD_XDICTIONARY
360
100001DA
102
}
330
1F
100
AcDbEntity
  8
VISIBLE
100
AcDbLine
 10
-78.54272174847966
 20
2.338814850533562
 30
0.0
 11
-74.63434811219459
 21
5.864954585723567
 31
0.0
  0
ARC
  5
100001DD
102
{ACAD_XDICTIONARY
360
100001DE
102
}
330
1F
100
AcDbEntity
  8
VISIBLE
100
AcDbCircle
 10
-76.43263997401597
 20
-0.0000000000001193
 30
0.0
 40
3.15
100
AcDbArc
 50
132.0568183772569
 51
227.9431816227417
  0
LINE
  5
100001E3
102
{ACAD_XDICTIONARY
360
100001E4
102
}
330
1F
100
AcDbEntity
  8
VISIBLE
100
AcDbLine
 10
-74.63434811219486
 20
-5.864954585723825
 30
0.0
 11
-78.54272174847965
 21
-2.338814850533663
 31
0.0
  0
ARC
  5
100001E7
102
{ACAD_XDICTIONARY
360
100001E8
102
}
330
1F
100
AcDbEntity
  8
VISIBLE
100
AcDbCircle
 10
-74.29941449720059
 20
-5.49371413325811
 30
0.0
 40
0.50000000000008
100
AcDbArc
 50
227.9431816227442
 51
270.0
  0
LINE
  5
100001ED
102
{ACAD_XDICTIONARY
360
100001EE
102
}
330
1F
100
AcDbEntity
  8
VISIBLE
100
AcDbLine
 10
-65.65705949042263
 20
-5.993714133257944
 30
0.0
 11
-74.29941449720059
 21
-5.993714133258194
 31
0.0
  0
ARC
  5
100001F1
102
{ACAD_XDICTIONARY
360
100001F2
102
}
330
1F
100
AcDbEntity
  8
VISIBLE
100
AcDbCircle
 10
-65.65705949042261
 20
-5.493714133257926
 30
0.0
 40
0.5000000000000111
100
AcDbArc
 50
269.9999999999984
 51
306.2846036944691
  0
ARC
  5
100001F7
102
{ACAD_XDICTIONARY
360
100001F8
102
}
330
1F
100
AcDbEntity
  8
VISIBLE
100
AcDbCircle
 10
-57.0760089147936
 20
-17.18198051533944
 30
0.0
 40
13.99999999999999
100
AcDbArc
 50
90.0
 51
126.2846036944674
  0
LINE
  5
100001FD
102
{ACAD_XDICTIONARY
360
100001FE
102
}
330
1F
100
AcDbEntity
  8
VISIBLE
100
AcDbLine
 10
-57.0760089147936
 20
-3.181980515339459
 30
0.0
 11
-21.6075142722765
 21
-3.181980515339466
 31
0.0
  0
ARC
  5
10000201
102
{ACAD_XDICTIONARY
360
10000202
102
}
330
1F
100
AcDbEntity
  8
VISIBLE
100
AcDbCircle
 10
-21.6075142722765
 20
-4.181980515339466
 30
0.0
 40
1.0
100
AcDbArc
 50
319.0196731014013
 51
90.0000000000002
  0
ARC
  5
10000207
102
{ACAD_XDICTIONARY
360
10000208
102
}
330
1F
100
AcDbEntity
  8
VISIBLE
100
AcDbCircle
 10
-23.51969690065453
 20
-18.11539004561518
 30
0.0
 40
0.800000000000001
100
AcDbArc
 50
44.99999999999964
 51
134.9999999999993
  0
LINE
  5
1000020D
102
{ACAD_XDICTIONARY
360
1000020E
102
}
330
1F
100
AcDbEntity
  8
VISIBLE
100
AcDbLine
 10
-22.67116876323065
 20
-17.83254733314056
 30
0.0
 11
-22.95401147570528
 21
-17.54970462066594
 31
0.0
  0
ARC
  5
10000211
102
{ACAD_XDICTIONARY
360
10000212
102
}
330
1F
100
AcDbEntity
  8
VISIBLE
100
AcDbCircle
 10
-23.2368541881799
 20
-18.39823275808982
 30
0.0
 40
0.800000000000006
100
AcDbArc
 50
315.0000000000003
 51
45.00000000000036
  0
LINE
  5
10000217
102
{ACAD_XDICTIONARY
360
10000218
102
}
330
1F
100
AcDbEntity
  8
VISIBLE
100
AcDbLine
 10
-22.67116876323066
 20
-18.96391818303904
 30
0.0
 11
-27.19665216282457
 21
-23.48940158263294
 31
0.0
  0
ARC
  5
1000021B
102
{ACAD_XDICTIONARY
360
1000021C
102
}
330
1F
100
AcDbEntity
  8
VISIBLE
100
AcDbCircle
 10
-27.76233758777382
 20
-22.92371615768369
 30
0.0
 40
0.8000000000000084
100
AcDbArc
 50
225.0000000000009
 51
314.9999999999997
  0
LINE
  5
10000221
102
{ACAD_XDICTIONARY
360
10000222
102
}
330
1F
100
AcDbEntity
  8
VISIBLE
100
AcDbLine
 10
-28.32802301272305
 20
-23.48940158263294
 30
0.0
 11
-28.61086572519767
 21
-23.20655887015831
 31
0.0
  0
ARC
  5
10000225
102
{ACAD_XDICTIONARY
360
10000226
102
}
330
1F
100
AcDbEntity
  8
VISIBLE
100
AcDbCircle
 10
-28.04518030024842
 20
-22.64087344520908
 30
0.0
 40
0.800000000000011
100
AcDbArc
 50
135.0000000000005
 51
224.9999999999989
  0
LINE
  5
1000022B
102
{ACAD_XDICTIONARY
360
1000022C
102
}
330
1F
100
AcDbEntity
  8
VISIBLE
100
AcDbLine
 10
-28.61086572519767
 20
-22.07518802025984
 30
0.0
 11
-24.08538232560376
 21
-17.54970462066594
 31
0.0
  0
ARC
  5
1000022F
102
{ACAD_XDICTIONARY
360
10000230
102
}
330
1F
100
AcDbEntity
  8
VISIBLE
100
AcDbCircle
 10
-1.251073446138724
 20
5.939696961966988
 30
0.0
 40
0.8000000000000048
100
AcDbArc
 50
45.00000000000046
 51
134.9999999999991
  0
LINE
  5
10000235
102
{ACAD_XDICTIONARY
360
10000236
102
}
330
1F
100
AcDbEntity
  8
VISIBLE
100
AcDbLine
 10
-0.4025453087148554
 20
6.222539674441613
 30
0.0
 11
-0.685388021189485
 21
6.505382386916236
 31
0.0
  0
ARC
  5
10000239
102
{ACAD_XDICTIONARY
360
1000023A
102
}
330
1F
100
AcDbEntity
  8
VISIBLE
100
AcDbCircle
 10
-0.9682307336641018
 20
5.656854249492371
 30
0.0
 40
0.8000000000000089
100
AcDbArc
 50
315.0000000000001
 51
44.99999999999979
  0
LINE
  5
1000023F
102
{ACAD_XDICTIONARY
360
10000240
102
}
330
1F
100
AcDbEntity
  8
VISIBLE
100
AcDbLine
 10
-0.4025453087148625
 20
5.091168824543132
 30
0.0
 11
-4.928028708308776
 21
0.5656854249492387
 31
0.0
  0
ARC
  5
10000243
102
{ACAD_XDICTIONARY
360
10000244
102
}
330
1F
100
AcDbEntity
  8
VISIBLE
100
AcDbCircle
 10
-5.493714133258015
 20
1.131370849898488
 30
0.0
 40
0.8000000000000088
100
AcDbArc
 50
225.0000000000005
 51
314.9999999999994
  0
LINE
  5
10000249
102
{ACAD_XDICTIONARY
360
1000024A
102
}
330
1F
100
AcDbEntity
  8
VISIBLE
100
AcDbLine
 10
-6.059399558207254
 20
0.5656854249492389
 30
0.0
 11
-6.342242270681873
 21
0.8485281374238617
 31
0.0
  0
ARC
  5
1000024D
102
{ACAD_XDICTIONARY
360
1000024E
102
}
330
1F
100
AcDbEntity
  8
VISIBLE
100
AcDbCircle
 10
-5.77655684573262
 20
1.414213562373101
 30
0.0
 40
0.8000000000000114
100
AcDbArc
 50
135.0000000000007
 51
224.9999999999993
  0
LINE
  5
10000253
102
{ACAD_XDICTIONARY
360
10000254
102
}
330
1F
100
AcDbEntity
  8
VISIBLE
100
AcDbLine
 10
-6.342242270681873
 20
1.979898987322339
 30
0.0
 11
-1.816758871087957
 21
6.505382386916238
 31
0.0
  0
CIRCLE
  5
10000257
102
{ACAD_XDICTIONARY
360
10000258
102
}
330
1F
100
AcDbEntity
  8
VISIBLE
100
AcDbCircle
 10
12.75
 20
12.75
 30
0.0
 40
1.2
  0
CIRCLE
  5
1000025D
102
{ACAD_XDICTIONARY
360
1000025E
102
}
330
1F
100
AcDbEntity
  8
VISIBLE
100
AcDbCircle
 10
12.75
 20
-12.75000000000001
 30
0.0
 40
1.2
  0
CIRCLE
  5
10000263
102
{ACAD_XDICTIONARY
360
10000264
102
}
330
1F
100
AcDbEntity
  8
VISIBLE
100
AcDbCircle
 10
-12.75
 20
-12.75
 30
0.0
 40
1.2
  0
CIRCLE
  5
10000269
102
{ACAD_XDICTIONARY
360
1000026A
102
}
330
1F
100
AcDbEntity
  8
VISIBLE
100
AcDbCircle
 10
-12.75
 20
12.75
 30
0.0
 40
1.2
  0
CIRCLE
  5
1000026F
102
{ACAD_XDICTIONARY
360
10000270
102
}
330
1F
100
AcDbEntity
  8
VISIBLE
100
AcDbCircle
 10
-3.181980515339462
 20
-66.81801948466055
 30
0.0
 40
1.2
  0
CIRCLE
  5
10000275
102
{ACAD_XDICTIONARY
360
10000276
102
}
330
1F
100
AcDbEntity
  8
VISIBLE
100
AcDbCircle
 10
-3.181980515339448
 20
-73.18198051533948
 30
0.0
 40
1.200000000000007
  0
CIRCLE
  5
1000027B
102
{ACAD_XDICTIONARY
360
1000027C
102
}
330
1F
100
AcDbEntity
  8
VISIBLE
100
AcDbCircle
 10
0.0000000000000044
 20
-70.0
 30
0.0
 40
2.199999999999994
  0
CIRCLE
  5
10000281
102
{ACAD_XDICTIONARY
360
10000282
102
}
330
1F
100
AcDbEntity
  8
VISIBLE
100
AcDbCircle
 10
3.181980515339471
 20
-73.18198051533946
 30
0.0
 40
1.2
  0
CIRCLE
  5
10000287
102
{ACAD_XDICTIONARY
360
10000288
102
}
330
1F
100
AcDbEntity
  8
VISIBLE
100
AcDbCircle
 10
3.181980515339457
 20
-66.81801948466054
 30
0.0
 40
1.200000000000007
  0
CIRCLE
  5
1000028D
102
{ACAD_XDICTIONARY
360
1000028E
102
}
330
1F
100
AcDbEntity
  8
VISIBLE
100
AcDbCircle
 10
-66.81801948466055
 20
3.181980515339458
 30
0.0
 40
1.2
  0
CIRCLE
  5
10000293
102
{ACAD_XDICTIONARY
360
10000294
102
}
330
1F
100
AcDbEntity
  8
VISIBLE
100
AcDbCircle
 10
-73.18198051533948
 20
3.181980515339443
 30
0.0
 40
1.200000000000007
  0
CIRCLE
  5
10000299
102
{ACAD_XDICTIONARY
360
1000029A
102
}
330
1F
100
AcDbEntity
  8
VISIBLE
100
AcDbCircle
 10
-70.0
 20
-0.0000000000000087
 30
0.0
 40
2.199999999999994
  0
CIRCLE
  5
1000029F
102
{ACAD_XDICTIONARY
360
100002A0
102
}
330
1F
100
AcDbEntity
  8
VISIBLE
100
AcDbCircle
 10
-73.18198051533946
 20
-3.181980515339476
 30
0.0
 40
1.2
  0
CIRCLE
  5
100002A5
102
{ACAD_XDICTIONARY
360
100002A6
102
}
330
1F
100
AcDbEntity
  8
VISIBLE
100
AcDbCircle
 10
-66.81801948466054
 20
-3.181980515339461
 30
0.0
 40
1.200000000000007
  0
CIRCLE
  5
100002AB
102
{ACAD_XDICTIONARY
360
100002AC
102
}
330
1F
100
AcDbEntity
  8
VISIBLE
100
AcDbCircle
 10
3.181980515339454
 20
66.81801948466055
 30
0.0
 40
1.2
  0
CIRCLE
  5
100002B1
102
{ACAD_XDICTIONARY
360
100002B2
102
}
330
1F
100
AcDbEntity
  8
VISIBLE
100
AcDbCircle
 10
3.181980515339439
 20
73.18198051533948
 30
0.0
 40
1.200000000000007
  0
CIRCLE
  5
100002B7
102
{ACAD_XDICTIONARY
360
100002B8
102
}
330
1F
100
AcDbEntity
  8
VISIBLE
100
AcDbCircle
 10
-0.000000000000013
 20
70.0
 30
0.0
 40
2.199999999999994
  0
CIRCLE
  5
100002BD
102
{ACAD_XDICTIONARY
360
100002BE
102
}
330
1F
100
AcDbEntity
  8
VISIBLE
100
AcDbCircle
 10
-3.18198051533948
 20
73.18198051533946
 30
0.0
 40
1.2
  0
CIRCLE
  5
100002C3
102
{ACAD_XDICTIONARY
360
100002C4
102
}
330
1F
100
AcDbEntity
  8
VISIBLE
100
AcDbCircle
 10
-3.181980515339465
 20
66.81801948466054
 30
0.0
 40
1.200000000000007
  0
CIRCLE
  5
100002C9
102
{ACAD_XDICTIONARY
360
100002CA
102
}
330
1F
100
AcDbEntity
  8
VISIBLE
100
AcDbCircle
 10
-24.980615596851
 20
-32.97092222425897
 30
0.0
 40
1.2
  0
CIRCLE
  5
100002CF
102
{ACAD_XDICTIONARY
360
100002D0
102
}
330
1F
100
AcDbEntity
  8
VISIBLE
100
AcDbCircle
 10
-32.97092222425898
 20
-24.98061559685097
 30
0.0
 40
1.2
  0
CIRCLE
  5
100002D5
102
{ACAD_XDICTIONARY
360
100002D6
102
}
330
1F
100
AcDbEntity
  8
VISIBLE
100
AcDbCircle
 10
13.0964587805431
 20
24.29819692072682
 30
0.0
 40
1.2
  0
CIRCLE
  5
100002DB
102
{ACAD_XDICTIONARY
360
100002DC
102
}
330
1F
100
AcDbEntity
  8
VISIBLE
100
AcDbCircle
 10
24.29819692072696
 20
13.09645878054291
 30
0.0
 40
1.2
  0
CIRCLE
  5
100002E1
102
{ACAD_XDICTIONARY
360
100002E2
102
}
330
1F
100
AcDbEntity
  8
VISIBLE
100
AcDbCircle
 10
66.81801948466055
 20
3.181980515339458
 30
0.0
 40
1.2
  0
CIRCLE
  5
100002E7
102
{ACAD_XDICTIONARY
360
100002E8
102
}
330
1F
100
AcDbEntity
  8
VISIBLE
100
AcDbCircle
 10
70.0
 20
-0.0000000000000087
 30
0.0
 40
2.199999999999994
  0
CIRCLE
  5
100002ED
102
{ACAD_XDICTIONARY
360
100002EE
102
}
330
1F
100
AcDbEntity
  8
VISIBLE
100
AcDbCircle
 10
73.18198051533948
 20
3.181980515339443
 30
0.0
 40
1.200000000000007
  0
CIRCLE
  5
100002F3
102
{ACAD_XDICTIONARY
360
100002F4
102
}
330
1F
100
AcDbEntity
  8
VISIBLE
100
AcDbCircle
 10
66.81801948466054
 20
-3.181980515339461
 30
0.0
 40
1.200000000000007
  0
CIRCLE
  5
100002F9
102
{ACAD_XDICTIONARY
360
100002FA
102
}
330
1F
100
AcDbEntity
  8
VISIBLE
100
AcDbCircle
 10
73.18198051533946
 20
-3.181980515339476
 30
0.0
 40
1.2
  0
LINE
  5
100002FF
102
{ACAD_XDICTIONARY
360
10000300
102
}
330
1F
100
AcDbEntity
  8
VISIBLE
100
AcDbLine
 10
0.5656854249492393
 20
-6.059399558207253
 30
0.0
 11
0.8485281374238622
 21
-6.342242270681871
 31
0.0
  0
ARC
  5
10000303
102
{ACAD_XDICTIONARY
360
10000304
102
}
330
1F
100
AcDbEntity
  8
VISIBLE
100
AcDbCircle
 10
1.131370849898489
 20
-5.493714133258014
 30
0.0
 40
0.8000000000000088
100
AcDbArc
 50
135.0000000000006
 51
224.9999999999994
  0
LINE
  5
10000309
102
{ACAD_XDICTIONARY
360
1000030A
102
}
330
1F
100
AcDbEntity
  8
VISIBLE
100
AcDbLine
 10
5.091168824543124
 20
-0.4025453087148583
 30
0.0
 11
0.5656854249492392
 21
-4.928028708308775
 31
0.0
  0
ARC
  5
1000030D
102
{ACAD_XDICTIONARY
360
1000030E
102
}
330
1F
100
AcDbEntity
  8
VISIBLE
100
AcDbCircle
 10
5.656854249492371
 20
-0.9682307336640993
 30
0.0
 40
0.8000000000000075
100
AcDbArc
 50
45.0000000000002
 51
135.0000000000003
  0
LINE
  5
10000313
102
{ACAD_XDICTIONARY
360
10000314
102
}
330
1F
100
AcDbEntity
  8
VISIBLE
100
AcDbLine
 10
6.222539674441608
 20
-0.4025453087148585
 30
0.0
 11
6.505382386916234
 21
-0.6853880211894879
 31
0.0
  0
ARC
  5
10000317
102
{ACAD_XDICTIONARY
360
10000318
102
}
330
1F
100
AcDbEntity
  8
VISIBLE
100
AcDbCircle
 10
5.939696961966988
 20
-1.251073446138723
 30
0.0
 40
0.8000000000000036
100
AcDbArc
 50
315.0000000000006
 51
44.99999999999949
  0
LINE
  5
1000031D
102
{ACAD_XDICTIONARY
360
1000031E
102
}
330
1F
100
AcDbEntity
  8
VISIBLE
100
AcDbLine
 10
1.979898987322338
 20
-6.342242270681871
 30
0.0
 11
6.505382386916234
 21
-1.816758871087959
 31
0.0
  0
ARC
  5
10000321
102
{ACAD_XDICTIONARY
360
10000322
102
}
330
1F
100
AcDbEntity
  8
VISIBLE
100
AcDbCircle
 10
1.414213562373101
 20
-5.776556845732619
 30
0.0
 40
0.8000000000000113
100
AcDbArc
 50
225.0000000000007
 51
314.9999999999993
  0
LINE
  5
10000327
102
{ACAD_XDICTIONARY
360
10000328
102
}
330
1F
100
AcDbEntity
  8
VISIBLE
100
AcDbLine
 10
-22.07518802025985
 20
-28.61086572519769
 30
0.0
 11
-17.54970462066593
 21
-24.08538232560379
 31
0.0
  0
ARC
  5
1000032B
102
{ACAD_XDICTIONARY
360
1000032C
102
}
330
1F
100
AcDbEntity
  8
VISIBLE
100
AcDbCircle
 10
-22.6408734452091
 20
-28.04518030024843
 30
0.0
 40
0.8000000000000085
100
AcDbArc
 50
225.0000000000007
 51
314.9999999999994
  0
LINE
  5
10000331
102
{ACAD_XDICTIONARY
360
10000332
102
}
330
1F
100
AcDbEntity
  8
VISIBLE
100
AcDbLine
 10
-23.48940158263295
 20
-28.32802301272306
 30
0.0
 11
-23.20655887015833
 21
-28.61086572519768
 31
0.0
  0
ARC
  5
10000335
102
{ACAD_XDICTIONARY
360
10000336
102
}
330
1F
100
AcDbEntity
  8
VISIBLE
100
AcDbCircle
 10
-22.9237161576837
 20
-27.76233758777382
 30
0.0
 40
0.8000000000000084
100
AcDbArc
 50
134.9999999999998
 51
224.9999999999993
  0
LINE
  5
1000033B
102
{ACAD_XDICTIONARY
360
1000033C
102
}
330
1F
100
AcDbEntity
  8
VISIBLE
100
AcDbLine
 10
-18.96391818303903
 20
-22.67116876323069
 30
0.0
 11
-23.48940158263294
 21
-27.19665216282458
 31
0.0
  0
ARC
  5
1000033F
102
{ACAD_XDICTIONARY
360
10000340
102
}
330
1F
100
AcDbEntity
  8
VISIBLE
100
AcDbCircle
 10
-18.3982327580898
 20
-23.23685418817993
 30
0.0
 40
0.8000000000000084
100
AcDbArc
 50
44.99999999999964
 51
134.9999999999996
  0
LINE
  5
10000345
102
{ACAD_XDICTIONARY
360
10000346
102
}
330
1F
100
AcDbEntity
  8
VISIBLE
100
AcDbLine
 10
-17.83254733314055
 20
-22.67116876323068
 30
0.0
 11
-17.54970462066593
 21
-22.95401147570531
 31
0.0
  0
ARC
  5
10000349
102
{ACAD_XDICTIONARY
360
1000034A
102
}
330
1F
100
AcDbEntity
  8
VISIBLE
100
AcDbCircle
 10
-18.11539004561518
 20
-23.51969690065456
 30
0.0
 40
0.8000000000000036
100
AcDbArc
 50
315.0000000000006
 51
45.0
  0
ENDSEC
  0
SECTION
  2
OBJECTS
  0
DICTIONARY
  5
C
330
0
100
AcDbDictionary
  3
ACAD_GROUP
350
D
  3
ACAD_LAYOUT
350
1A
  3
ACAD_MATERIAL
350
43
  3
ACAD_MLEADERSTYLE
350
5B
  3
ACAD_MLINESTYLE
350
17
  3
ACAD_PLOTSETTINGS
350
19
  3
ACAD_SCALELIST
350
47
  3
ACAD_VISUALSTYLE
350
2A
  3
ACDBHEADERROUNDTRIPXREC
350
10000351
  3
ACDBVARIABLEDICTIONARY
350
10000372
  3
DWGPROPS
350
1000037D
  3
ONSHAPE_DATA
350
10000001
  0
DICTIONARY
  5
1000037E
330
8
100
AcDbDictionary
280
     1
  3
ACAD_XREC_ROUNDTRIP
360
1000037F
  0
DICTIONARY
  5
1000034F
330
1F
100
AcDbDictionary
280
     1
  3
ACAD_SORTENTS
360
10000350
  0
DICTIONARY
  5
1000005A
330
10000059
100
AcDbDictionary
280
     1
  3
BTDETID
360
1000005B
  3
BTPARTID
360
1000005C
  0
DICTIONARY
  5
1000005E
330
1000005D
100
AcDbDictionary
280
     1
  3
BTDETID
360
1000005F
  3
BTPARTID
360
10000060
  0
DICTIONARY
  5
10000062
330
10000061
100
AcDbDictionary
280
     1
  3
BTARCONSURFACERADIUS
360
10000065
  3
BTDETID
360
10000063
  3
BTOWNERFACEID_
360
10000064
  3
BTPARTID
360
10000066
  0
DICTIONARY
  5
10000068
330
10000067
100
AcDbDictionary
280
     1
  3
BTARCONSURFACERADIUS
360
1000006B
  3
BTDETID
360
10000069
  3
BTOWNERFACEID_
360
1000006A
  3
BTPARTID
360
1000006C
  0
DICTIONARY
  5
1000006E
330
1000006D
100
AcDbDictionary
280
     1
  3
BTARCONSURFACERADIUS
360
10000071
  3
BTDETID
360
1000006F
  3
BTOWNERFACEID_
360
10000070
  3
BTPARTID
360
10000072
  0
DICTIONARY
  5
10000074
330
10000073
100
AcDbDictionary
280
     1
  3
BTDETID
360
10000075
  3
BTPARTID
360
10000076
  0
DICTIONARY
  5
10000078
330
10000077
100
AcDbDictionary
280
     1
  3
BTARCONSURFACERADIUS
360
1000007B
  3
BTDETID
360
10000079
  3
BTOWNERFACEID_
360
1000007A
  3
BTPARTID
360
1000007C
  0
DICTIONARY
  5
1000007E
330
1000007D
100
AcDbDictionary
280
     1
  3
BTDETID
360
1000007F
  3
BTPARTID
360
10000080
  0
DICTIONARY
  5
10000082
330
10000081
100
AcDbDictionary
280
     1
  3
BTARCONSURFACERADIUS
360
10000085
  3
BTDETID
360
10000083
  3
BTOWNERFACEID_
360
10000084
  3
BTPARTID
360
10000086
  0
DICTIONARY
  5
10000088
330
10000087
100
AcDbDictionary
280
     1
  3
BTARCONSURFACERADIUS
360
1000008B
  3
BTDETID
360
10000089
  3
BTOWNERFACEID_
360
1000008A
  3
BTPARTID
360
1000008C
  0
DICTIONARY
  5
1000008E
330
1000008D
100
AcDbDictionary
280
     1
  3
BTARCONSURFACERADIUS
360
10000091
  3
BTDETID
360
1000008F
  3
BTOWNERFACEID_
360
10000090
  3
BTPARTID
360
10000092
  0
DICTIONARY
  5
10000094
330
10000093
100
AcDbDictionary
280
     1
  3
BTDETID
360
10000095
  3
BTPARTID
360
10000096
  0
DICTIONARY
  5
10000098
330
10000097
100
AcDbDictionary
280
     1
  3
BTDETID
360
10000099
  3
BTPARTID
360
1000009A
  0
DICTIONARY
  5
1000009C
330
1000009B
100
AcDbDictionary
280
     1
  3
BTARCONSURFACERADIUS
360
1000009F
  3
BTDETID
360
1000009D
  3
BTOWNERFACEID_
360
1000009E
  3
BTPARTID
360
100000A0
  0
DICTIONARY
  5
100000A2
330
100000A1
100
AcDbDictionary
280
     1
  3
BTDETID
360
100000A3
  3
BTPARTID
360
100000A4
  0
DICTIONARY
  5
100000A6
330
100000A5
100
AcDbDictionary
280
     1
  3
BTARCONSURFACERADIUS
360
100000A9
  3
BTDETID
360
100000A7
  3
BTOWNERFACEID_
360
100000A8
  3
BTPARTID
360
100000AA
  0
DICTIONARY
  5
100000AC
330
100000AB
100
AcDbDictionary
280
     1
  3
BTARCONSURFACERADIUS
360
100000AF
  3
BTDETID
360
100000AD
  3
BTOWNERFACEID_
360
100000AE
  3
BTPARTID
360
100000B0
  0
DICTIONARY
  5
100000B2
330
100000B1
100
AcDbDictionary
280
     1
  3
BTDETID
360
100000B3
  3
BTPARTID
360
100000B4
  0
DICTIONARY
  5
100000B6
330
100000B5
100
AcDbDictionary
280
     1
  3
BTARCONSURFACERADIUS
360
100000B9
  3
BTDETID
360
100000B7
  3
BTOWNERFACEID_
360
100000B8
  3
BTPARTID
360
100000BA
  0
DICTIONARY
  5
100000BC
330
100000BB
100
AcDbDictionary
280
     1
  3
BTDETID
360
100000BD
  3
BTPARTID
360
100000BE
  0
DICTIONARY
  5
100000C0
330
100000BF
100
AcDbDictionary
280
     1
  3
BTARCONSURFACERADIUS
360
100000C3
  3
BTDETID
360
100000C1
  3
BTOWNERFACEID_
360
100000C2
  3
BTPARTID
360
100000C4
  0
DICTIONARY
  5
100000C6
330
100000C5
100
AcDbDictionary
280
     1
  3
BTDETID
360
100000C7
  3
BTPARTID
360
100000C8
  0
DICTIONARY
  5
100000CA
330
100000C9
100
AcDbDictionary
280
     1
  3
BTARCONSURFACERADIUS
360
100000CD
  3
BTDETID
360
100000CB
  3
BTOWNERFACEID_
360
100000CC
  3
BTPARTID
360
100000CE
  0
DICTIONARY
  5
100000D0
330
100000CF
100
AcDbDictionary
280
     1
  3
BTDETID
360
100000D1
  3
BTPARTID
360
100000D2
  0
DICTIONARY
  5
100000D4
330
100000D3
100
AcDbDictionary
280
     1
  3
BTARCONSURFACERADIUS
360
100000D7
  3
BTDETID
360
100000D5
  3
BTOWNERFACEID_
360
100000D6
  3
BTPARTID
360
100000D8
  0
DICTIONARY
  5
100000DA
330
100000D9
100
AcDbDictionary
280
     1
  3
BTARCONSURFACERADIUS
360
100000DD
  3
BTDETID
360
100000DB
  3
BTOWNERFACEID_
360
100000DC
  3
BTPARTID
360
100000DE
  0
DICTIONARY
  5
100000E0
330
100000DF
100
AcDbDictionary
280
     1
  3
BTDETID
360
100000E1
  3
BTPARTID
360
100000E2
  0
DICTIONARY
  5
100000E4
330
100000E3
100
AcDbDictionary
280
     1
  3
BTARCONSURFACERADIUS
360
100000E7
  3
BTDETID
360
100000E5
  3
BTOWNERFACEID_
360
100000E6
  3
BTPARTID
360
100000E8
  0
DICTIONARY
  5
100000EA
330
100000E9
100
AcDbDictionary
280
     1
  3
BTDETID
360
100000EB
  3
BTPARTID
360
100000EC
  0
DICTIONARY
  5
100000EE
330
100000ED
100
AcDbDictionary
280
     1
  3
BTARCONSURFACERADIUS
360
100000F1
  3
BTDETID
360
100000EF
  3
BTOWNERFACEID_
360
100000F0
  3
BTPARTID
360
100000F2
  0
DICTIONARY
  5
100000F4
330
100000F3
100
AcDbDictionary
280
     1
  3
BTDETID
360
100000F5
  3
BTPARTID
360
100000F6
  0
DICTIONARY
  5
100000F8
330
100000F7
100
AcDbDictionary
280
     1
  3
BTARCONSURFACERADIUS
360
100000FB
  3
BTDETID
360
100000F9
  3
BTOWNERFACEID_
360
100000FA
  3
BTPARTID
360
100000FC
  0
DICTIONARY
  5
100000FE
330
100000FD
100
AcDbDictionary
280
     1
  3
BTDETID
360
100000FF
  3
BTPARTID
360
10000100
  0
DICTIONARY
  5
10000102
330
10000101
100
AcDbDictionary
280
     1
  3
BTARCONSURFACERADIUS
360
10000105
  3
BTDETID
360
10000103
  3
BTOWNERFACEID_
360
10000104
  3
BTPARTID
360
10000106
  0
DICTIONARY
  5
10000108
330
10000107
100
AcDbDictionary
280
     1
  3
BTARCONSURFACERADIUS
360
1000010B
  3
BTDETID
360
10000109
  3
BTOWNERFACEID_
360
1000010A
  3
BTPARTID
360
1000010C
  0
DICTIONARY
  5
1000010E
330
1000010D
100
AcDbDictionary
280
     1
  3
BTDETID
360
1000010F
  3
BTPARTID
360
10000110
  0
DICTIONARY
  5
10000112
330
10000111
100
AcDbDictionary
280
     1
  3
BTARCONSURFACERADIUS
360
10000115
  3
BTDETID
360
10000113
  3
BTOWNERFACEID_
360
10000114
  3
BTPARTID
360
10000116
  0
DICTIONARY
  5
10000118
330
10000117
100
AcDbDictionary
280
     1
  3
BTDETID
360
10000119
  3
BTPARTID
360
1000011A
  0
DICTIONARY
  5
1000011C
330
1000011B
100
AcDbDictionary
280
     1
  3
BTARCONSURFACERADIUS
360
1000011F
  3
BTDETID
360
1000011D
  3
BTOWNERFACEID_
360
1000011E
  3
BTPARTID
360
10000120
  0
DICTIONARY
  5
10000122
330
10000121
100
AcDbDictionary
280
     1
  3
BTDETID
360
10000123
  3
BTPARTID
360
10000124
  0
DICTIONARY
  5
10000126
330
10000125
100
AcDbDictionary
280
     1
  3
BTARCONSURFACERADIUS
360
10000129
  3
BTDETID
360
10000127
  3
BTOWNERFACEID_
360
10000128
  3
BTPARTID
360
1000012A
  0
DICTIONARY
  5
1000012C
330
1000012B
100
AcDbDictionary
280
     1
  3
BTDETID
360
1000012D
  3
BTPARTID
360
1000012E
  0
DICTIONARY
  5
10000130
330
1000012F
100
AcDbDictionary
280
     1
  3
BTARCONSURFACERADIUS
360
10000133
  3
BTDETID
360
10000131
  3
BTOWNERFACEID_
360
10000132
  3
BTPARTID
360
10000134
  0
DICTIONARY
  5
10000136
330
10000135
100
AcDbDictionary
280
     1
  3
BTARCONSURFACERADIUS
360
10000139
  3
BTDETID
360
10000137
  3
BTOWNERFACEID_
360
10000138
  3
BTPARTID
360
1000013A
  0
DICTIONARY
  5
1000013C
330
1000013B
100
AcDbDictionary
280
     1
  3
BTDETID
360
1000013D
  3
BTPARTID
360
1000013E
  0
DICTIONARY
  5
10000140
330
1000013F
100
AcDbDictionary
280
     1
  3
BTARCONSURFACERADIUS
360
10000143
  3
BTDETID
360
10000141
  3
BTOWNERFACEID_
360
10000142
  3
BTPARTID
360
10000144
  0
DICTIONARY
  5
10000146
330
10000145
100
AcDbDictionary
280
     1
  3
BTDETID
360
10000147
  3
BTPARTID
360
10000148
  0
DICTIONARY
  5
1000014A
330
10000149
100
AcDbDictionary
280
     1
  3
BTARCONSURFACERADIUS
360
1000014D
  3
BTDETID
360
1000014B
  3
BTOWNERFACEID_
360
1000014C
  3
BTPARTID
360
1000014E
  0
DICTIONARY
  5
10000150
330
1000014F
100
AcDbDictionary
280
     1
  3
BTDETID
360
10000151
  3
BTPARTID
360
10000152
  0
DICTIONARY
  5
10000154
330
10000153
100
AcDbDictionary
280
     1
  3
BTARCONSURFACERADIUS
360
10000157
  3
BTDETID
360
10000155
  3
BTOWNERFACEID_
360
10000156
  3
BTPARTID
360
10000158
  0
DICTIONARY
  5
1000015A
330
10000159
100
AcDbDictionary
280
     1
  3
BTDETID
360
1000015B
  3
BTPARTID
360
1000015C
  0
DICTIONARY
  5
1000015E
330
1000015D
100
AcDbDictionary
280
     1
  3
BTARCONSURFACERADIUS
360
10000161
  3
BTDETID
360
1000015F
  3
BTOWNERFACEID_
360
10000160
  3
BTPARTID
360
10000162
  0
DICTIONARY
  5
10000164
330
10000163
100
AcDbDictionary
280
     1
  3
BTDETID
360
10000165
  3
BTPARTID
360
10000166
  0
DICTIONARY
  5
10000168
330
10000167
100
AcDbDictionary
280
     1
  3
BTARCONSURFACERADIUS
360
1000016B
  3
BTDETID
360
10000169
  3
BTOWNERFACEID_
360
1000016A
  3
BTPARTID
360
1000016C
  0
DICTIONARY
  5
1000016E
330
1000016D
100
AcDbDictionary
280
     1
  3
BTARCONSURFACERADIUS
360
10000171
  3
BTDETID
360
1000016F
  3
BTOWNERFACEID_
360
10000170
  3
BTPARTID
360
10000172
  0
DICTIONARY
  5
10000174
330
10000173
100
AcDbDictionary
280
     1
  3
BTDETID
360
10000175
  3
BTPARTID
360
10000176
  0
DICTIONARY
  5
10000178
330
10000177
100
AcDbDictionary
280
     1
  3
BTARCONSURFACERADIUS
360
1000017B
  3
BTDETID
360
10000179
  3
BTOWNERFACEID_
360
1000017A
  3
BTPARTID
360
1000017C
  0
DICTIONARY
  5
1000017E
330
1000017D
100
AcDbDictionary
280
     1
  3
BTDETID
360
1000017F
  3
BTPARTID
360
10000180
  0
DICTIONARY
  5
10000182
330
10000181
100
AcDbDictionary
280
     1
  3
BTARCONSURFACERADIUS
360
10000185
  3
BTDETID
360
10000183
  3
BTOWNERFACEID_
360
10000184
  3
BTPARTID
360
10000186
  0
DICTIONARY
  5
10000188
330
10000187
100
AcDbDictionary
280
     1
  3
BTDETID
360
10000189
  3
BTPARTID
360
1000018A
  0
DICTIONARY
  5
1000018C
330
1000018B
100
AcDbDictionary
280
     1
  3
BTARCONSURFACERADIUS
360
1000018F
  3
BTDETID
360
1000018D
  3
BTOWNERFACEID_
360
1000018E
  3
BTPARTID
360
10000190
  0
DICTIONARY
  5
10000192
330
10000191
100
AcDbDictionary
280
     1
  3
BTDETID
360
10000193
  3
BTPARTID
360
10000194
  0
DICTIONARY
  5
10000196
330
10000195
100
AcDbDictionary
280
     1
  3
BTARCONSURFACERADIUS
360
10000199
  3
BTDETID
360
10000197
  3
BTOWNERFACEID_
360
10000198
  3
BTPARTID
360
1000019A
  0
DICTIONARY
  5
1000019C
330
1000019B
100
AcDbDictionary
280
     1
  3
BTARCONSURFACERADIUS
360
1000019F
  3
BTDETID
360
1000019D
  3
BTOWNERFACEID_
360
1000019E
  3
BTPARTID
360
100001A0
  0
DICTIONARY
  5
100001A2
330
100001A1
100
AcDbDictionary
280
     1
  3
BTDETID
360
100001A3
  3
BTPARTID
360
100001A4
  0
DICTIONARY
  5
100001A6
330
100001A5
100
AcDbDictionary
280
     1
  3
BTARCONSURFACERADIUS
360
100001A9
  3
BTDETID
360
100001A7
  3
BTOWNERFACEID_
360
100001A8
  3
BTPARTID
360
100001AA
  0
DICTIONARY
  5
100001AC
330
100001AB
100
AcDbDictionary
280
     1
  3
BTDETID
360
100001AD
  3
BTPARTID
360
100001AE
  0
DICTIONARY
  5
100001B0
330
100001AF
100
AcDbDictionary
280
     1
  3
BTARCONSURFACERADIUS
360
100001B3
  3
BTDETID
360
100001B1
  3
BTOWNERFACEID_
360
100001B2
  3
BTPARTID
360
100001B4
  0
DICTIONARY
  5
100001B6
330
100001B5
100
AcDbDictionary
280
     1
  3
BTDETID
360
100001B7
  3
BTPARTID
360
100001B8
  0
DICTIONARY
  5
100001BA
330
100001B9
100
AcDbDictionary
280
     1
  3
BTARCONSURFACERADIUS
360
100001BD
  3
BTDETID
360
100001BB
  3
BTOWNERFACEID_
360
100001BC
  3
BTPARTID
360
100001BE
  0
DICTIONARY
  5
100001C0
330
100001BF
100
AcDbDictionary
280
     1
  3
BTDETID
360
100001C1
  3
BTPARTID
360
100001C2
  0
DICTIONARY
  5
100001C4
330
100001C3
100
AcDbDictionary
280
     1
  3
BTARCONSURFACERADIUS
360
100001C7
  3
BTDETID
360
100001C5
  3
BTOWNERFACEID_
360
100001C6
  3
BTPARTID
360
100001C8
  0
DICTIONARY
  5
100001CA
330
100001C9
100
AcDbDictionary
280
     1
  3
BTARCONSURFACERADIUS
360
100001CD
  3
BTDETID
360
100001CB
  3
BTOWNERFACEID_
360
100001CC
  3
BTPARTID
360
100001CE
  0
DICTIONARY
  5
100001D0
330
100001CF
100
AcDbDictionary
280
     1
  3
BTDETID
360
100001D1
  3
BTPARTID
360
100001D2
  0
DICTIONARY
  5
100001D4
330
100001D3
100
AcDbDictionary
280
     1
  3
BTARCONSURFACERADIUS
360
100001D7
  3
BTDETID
360
100001D5
  3
BTOWNERFACEID_
360
100001D6
  3
BTPARTID
360
100001D8
  0
DICTIONARY
  5
100001DA
330
100001D9
100
AcDbDictionary
280
     1
  3
BTDETID
360
100001DB
  3
BTPARTID
360
100001DC
  0
DICTIONARY
  5
100001DE
330
100001DD
100
AcDbDictionary
280
     1
  3
BTARCONSURFACERADIUS
360
100001E1
  3
BTDETID
360
100001DF
  3
BTOWNERFACEID_
360
100001E0
  3
BTPARTID
360
100001E2
  0
DICTIONARY
  5
100001E4
330
100001E3
100
AcDbDictionary
280
     1
  3
BTDETID
360
100001E5
  3
BTPARTID
360
100001E6
  0
DICTIONARY
  5
100001E8
330
100001E7
100
AcDbDictionary
280
     1
  3
BTARCONSURFACERADIUS
360
100001EB
  3
BTDETID
360
100001E9
  3
BTOWNERFACEID_
360
100001EA
  3
BTPARTID
360
100001EC
  0
DICTIONARY
  5
100001EE
330
100001ED
100
AcDbDictionary
280
     1
  3
BTDETID
360
100001EF
  3
BTPARTID
360
100001F0
  0
DICTIONARY
  5
100001F2
330
100001F1
100
AcDbDictionary
280
     1
  3
BTARCONSURFACERADIUS
360
100001F5
  3
BTDETID
360
100001F3
  3
BTOWNERFACEID_
360
100001F4
  3
BTPARTID
360
100001F6
  0
DICTIONARY
  5
100001F8
330
100001F7
100
AcDbDictionary
280
     1
  3
BTARCONSURFACERADIUS
360
100001FB
  3
BTDETID
360
100001F9
  3
BTOWNERFACEID_
360
100001FA
  3
BTPARTID
360
100001FC
  0
DICTIONARY
  5
100001FE
330
100001FD
100
AcDbDictionary
280
     1
  3
BTDETID
360
100001FF
  3
BTPARTID
360
10000200
  0
DICTIONARY
  5
10000202
330
10000201
100
AcDbDictionary
280
     1
  3
BTARCONSURFACERADIUS
360
10000205
  3
BTDETID
360
10000203
  3
BTOWNERFACEID_
360
10000204
  3
BTPARTID
360
10000206
  0
DICTIONARY
  5
10000208
330
10000207
100
AcDbDictionary
280
     1
  3
BTARCONSURFACERADIUS
360
1000020B
  3
BTDETID
360
10000209
  3
BTOWNERFACEID_
360
1000020A
  3
BTPARTID
360
1000020C
  0
DICTIONARY
  5
1000020E
330
1000020D
100
AcDbDictionary
280
     1
  3
BTDETID
360
1000020F
  3
BTPARTID
360
10000210
  0
DICTIONARY
  5
10000212
330
10000211
100
AcDbDictionary
280
     1
  3
BTARCONSURFACERADIUS
360
10000215
  3
BTDETID
360
10000213
  3
BTOWNERFACEID_
360
10000214
  3
BTPARTID
360
10000216
  0
DICTIONARY
  5
10000218
330
10000217
100
AcDbDictionary
280
     1
  3
BTDETID
360
10000219
  3
BTPARTID
360
1000021A
  0
DICTIONARY
  5
1000021C
330
1000021B
100
AcDbDictionary
280
     1
  3
BTARCONSURFACERADIUS
360
1000021F
  3
BTDETID
360
1000021D
  3
BTOWNERFACEID_
360
1000021E
  3
BTPARTID
360
10000220
  0
DICTIONARY
  5
10000222
330
10000221
100
AcDbDictionary
280
     1
  3
BTDETID
360
10000223
  3
BTPARTID
360
10000224
  0
DICTIONARY
  5
10000226
330
10000225
100
AcDbDictionary
280
     1
  3
BTARCONSURFACERADIUS
360
10000229
  3
BTDETID
360
10000227
  3
BTOWNERFACEID_
360
10000228
  3
BTPARTID
360
1000022A
  0
DICTIONARY
  5
1000022C
330
1000022B
100
AcDbDictionary
280
     1
  3
BTDETID
360
1000022D
  3
BTPARTID
360
1000022E
  0
DICTIONARY
  5
10000230
330
1000022F
100
AcDbDictionary
280
     1
  3
BTARCONSURFACERADIUS
360
10000233
  3
BTDETID
360
10000231
  3
BTOWNERFACEID_
360
10000232
  3
BTPARTID
360
10000234
  0
DICTIONARY
  5
10000236
330
10000235
100
AcDbDictionary
280
     1
  3
BTDETID
360
10000237
  3
BTPARTID
360
10000238
  0
DICTIONARY
  5
1000023A
330
10000239
100
AcDbDictionary
280
     1
  3
BTARCONSURFACERADIUS
360
1000023D
  3
BTDETID
360
1000023B
  3
BTOWNERFACEID_
360
1000023C
  3
BTPARTID
360
1000023E
  0
DICTIONARY
  5
10000240
330
1000023F
100
AcDbDictionary
280
     1
  3
BTDETID
360
10000241
  3
BTPARTID
360
10000242
  0
DICTIONARY
  5
10000244
330
10000243
100
AcDbDictionary
280
     1
  3
BTARCONSURFACERADIUS
360
10000247
  3
BTDETID
360
10000245
  3
BTOWNERFACEID_
360
10000246
  3
BTPARTID
360
10000248
  0
DICTIONARY
  5
1000024A
330
10000249
100
AcDbDictionary
280
     1
  3
BTDETID
360
1000024B
  3
BTPARTID
360
1000024C
  0
DICTIONARY
  5
1000024E
330
1000024D
100
AcDbDictionary
280
     1
  3
BTARCONSURFACERADIUS
360
10000251
  3
BTDETID
360
1000024F
  3
BTOWNERFACEID_
360
10000250
  3
BTPARTID
360
10000252
  0
DICTIONARY
  5
10000254
330
10000253
100
AcDbDictionary
280
     1
  3
BTDETID
360
10000255
  3
BTPARTID
360
10000256
  0
DICTIONARY
  5
10000258
330
10000257
100
AcDbDictionary
280
     1
  3
BTARCONSURFACERADIUS
360
1000025B
  3
BTDETID
360
10000259
  3
BTOWNERFACEID_
360
1000025A
  3
BTPARTID
360
1000025C
  0
DICTIONARY
  5
1000025E
330
1000025D
100
AcDbDictionary
280
     1
  3
BTARCONSURFACERADIUS
360
10000261
  3
BTDETID
360
1000025F
  3
BTOWNERFACEID_
360
10000260
  3
BTPARTID
360
10000262
  0
DICTIONARY
  5
10000264
330
10000263
100
AcDbDictionary
280
     1
  3
BTARCONSURFACERADIUS
360
10000267
  3
BTDETID
360
10000265
  3
BTOWNERFACEID_
360
10000266
  3
BTPARTID
360
10000268
  0
DICTIONARY
  5
1000026A
330
10000269
100
AcDbDictionary
280
     1
  3
BTARCONSURFACERADIUS
360
1000026D
  3
BTDETID
360
1000026B
  3
BTOWNERFACEID_
360
1000026C
  3
BTPARTID
360
1000026E
  0
DICTIONARY
  5
10000270
330
1000026F
100
AcDbDictionary
280
     1
  3
BTARCONSURFACERADIUS
360
10000273
  3
BTDETID
360
10000271
  3
BTOWNERFACEID_
360
10000272
  3
BTPARTID
360
10000274
  0
DICTIONARY
  5
10000276
330
10000275
100
AcDbDictionary
280
     1
  3
BTARCONSURFACERADIUS
360
10000279
  3
BTDETID
360
10000277
  3
BTOWNERFACEID_
360
10000278
  3
BTPARTID
360
1000027A
  0
DICTIONARY
  5
1000027C
330
1000027B
100
AcDbDictionary
280
     1
  3
BTARCONSURFACERADIUS
360
1000027F
  3
BTDETID
360
1000027D
  3
BTOWNERFACEID_
360
1000027E
  3
BTPARTID
360
10000280
  0
DICTIONARY
  5
10000282
330
10000281
100
AcDbDictionary
280
     1
  3
BTARCONSURFACERADIUS
360
10000285
  3
BTDETID
360
10000283
  3
BTOWNERFACEID_
360
10000284
  3
BTPARTID
360
10000286
  0
DICTIONARY
  5
10000288
330
10000287
100
AcDbDictionary
280
     1
  3
BTARCONSURFACERADIUS
360
1000028B
  3
BTDETID
360
10000289
  3
BTOWNERFACEID_
360
1000028A
  3
BTPARTID
360
1000028C
  0
DICTIONARY
  5
1000028E
330
1000028D
100
AcDbDictionary
280
     1
  3
BTARCONSURFACERADIUS
360
10000291
  3
BTDETID
360
1000028F
  3
BTOWNERFACEID_
360
10000290
  3
BTPARTID
360
10000292
  0
DICTIONARY
  5
10000294
330
10000293
100
AcDbDictionary
280
     1
  3
BTARCONSURFACERADIUS
360
10000297
  3
BTDETID
360
10000295
  3
BTOWNERFACEID_
360
10000296
  3
BTPARTID
360
10000298
  0
DICTIONARY
  5
1000029A
330
10000299
100
AcDbDictionary
280
     1
  3
BTARCONSURFACERADIUS
360
1000029D
  3
BTDETID
360
1000029B
  3
BTOWNERFACEID_
360
1000029C
  3
BTPARTID
360
1000029E
  0
DICTIONARY
  5
100002A0
330
1000029F
100
AcDbDictionary
280
     1
  3
BTARCONSURFACERADIUS
360
100002A3
  3
BTDETID
360
100002A1
  3
BTOWNERFACEID_
360
100002A2
  3
BTPARTID
360
100002A4
  0
DICTIONARY
  5
100002A6
330
100002A5
100
AcDbDictionary
280
     1
  3
BTARCONSURFACERADIUS
360
100002A9
  3
BTDETID
360
100002A7
  3
BTOWNERFACEID_
360
100002A8
  3
BTPARTID
360
100002AA
  0
DICTIONARY
  5
100002AC
330
100002AB
100
AcDbDictionary
280
     1
  3
BTARCONSURFACERADIUS
360
100002AF
  3
BTDETID
360
100002AD
  3
BTOWNERFACEID_
360
100002AE
  3
BTPARTID
360
100002B0
  0
DICTIONARY
  5
100002B2
330
100002B1
100
AcDbDictionary
280
     1
  3
BTARCONSURFACERADIUS
360
100002B5
  3
BTDETID
360
100002B3
  3
BTOWNERFACEID_
360
100002B4
  3
BTPARTID
360
100002B6
  0
DICTIONARY
  5
100002B8
330
100002B7
100
AcDbDictionary
280
     1
  3
BTARCONSURFACERADIUS
360
100002BB
  3
BTDETID
360
100002B9
  3
BTOWNERFACEID_
360
100002BA
  3
BTPARTID
360
100002BC
  0
DICTIONARY
  5
100002BE
330
100002BD
100
AcDbDictionary
280
     1
  3
BTARCONSURFACERADIUS
360
100002C1
  3
BTDETID
360
100002BF
  3
BTOWNERFACEID_
360
100002C0
  3
BTPARTID
360
100002C2
  0
DICTIONARY
  5
100002C4
330
100002C3
100
AcDbDictionary
280
     1
  3
BTARCONSURFACERADIUS
360
100002C7
  3
BTDETID
360
100002C5
  3
BTOWNERFACEID_
360
100002C6
  3
BTPARTID
360
100002C8
  0
DICTIONARY
  5
100002CA
330
100002C9
100
AcDbDictionary
280
     1
  3
BTARCONSURFACERADIUS
360
100002CD
  3
BTDETID
360
100002CB
  3
BTOWNERFACEID_
360
100002CC
  3
BTPARTID
360
100002CE
  0
DICTIONARY
  5
100002D0
330
100002CF
100
AcDbDictionary
280
     1
  3
BTARCONSURFACERADIUS
360
100002D3
  3
BTDETID
360
100002D1
  3
BTOWNERFACEID_
360
100002D2
  3
BTPARTID
360
100002D4
  0
DICTIONARY
  5
100002D6
330
100002D5
100
AcDbDictionary
280
     1
  3
BTARCONSURFACERADIUS
360
100002D9
  3
BTDETID
360
100002D7
  3
BTOWNERFACEID_
360
100002D8
  3
BTPARTID
360
100002DA
  0
DICTIONARY
  5
100002DC
330
100002DB
100
AcDbDictionary
280
     1
  3
BTARCONSURFACERADIUS
360
100002DF
  3
BTDETID
360
100002DD
  3
BTOWNERFACEID_
360
100002DE
  3
BTPARTID
360
100002E0
  0
DICTIONARY
  5
100002E2
330
100002E1
100
AcDbDictionary
280
     1
  3
BTARCONSURFACERADIUS
360
100002E5
  3
BTDETID
360
100002E3
  3
BTOWNERFACEID_
360
100002E4
  3
BTPARTID
360
100002E6
  0
DICTIONARY
  5
100002E8
330
100002E7
100
AcDbDictionary
280
     1
  3
BTARCONSURFACERADIUS
360
100002EB
  3
BTDETID
360
100002E9
  3
BTOWNERFACEID_
360
100002EA
  3
BTPARTID
360
100002EC
  0
DICTIONARY
  5
100002EE
330
100002ED
100
AcDbDictionary
280
     1
  3
BTARCONSURFACERADIUS
360
100002F1
  3
BTDETID
360
100002EF
  3
BTOWNERFACEID_
360
100002F0
  3
BTPARTID
360
100002F2
  0
DICTIONARY
  5
100002F4
330
100002F3
100
AcDbDictionary
280
     1
  3
BTARCONSURFACERADIUS
360
100002F7
  3
BTDETID
360
100002F5
  3
BTOWNERFACEID_
360
100002F6
  3
BTPARTID
360
100002F8
  0
DICTIONARY
  5
100002FA
330
100002F9
100
AcDbDictionary
280
     1
  3
BTARCONSURFACERADIUS
360
100002FD
  3
BTDETID
360
100002FB
  3
BTOWNERFACEID_
360
100002FC
  3
BTPARTID
360
100002FE
  0
DICTIONARY
  5
10000300
330
100002FF
100
AcDbDictionary
280
     1
  3
BTDETID
360
10000301
  3
BTPARTID
360
10000302
  0
DICTIONARY
  5
10000304
330
10000303
100
AcDbDictionary
280
     1
  3
BTARCONSURFACERADIUS
360
10000307
  3
BTDETID
360
10000305
  3
BTOWNERFACEID_
360
10000306
  3
BTPARTID
360
10000308
  0
DICTIONARY
  5
1000030A
330
10000309
100
AcDbDictionary
280
     1
  3
BTDETID
360
1000030B
  3
BTPARTID
360
1000030C
  0
DICTIONARY
  5
1000030E
330
1000030D
100
AcDbDictionary
280
     1
  3
BTARCONSURFACERADIUS
360
10000311
  3
BTDETID
360
1000030F
  3
BTOWNERFACEID_
360
10000310
  3
BTPARTID
360
10000312
  0
DICTIONARY
  5
10000314
330
10000313
100
AcDbDictionary
280
     1
  3
BTDETID
360
10000315
  3
BTPARTID
360
10000316
  0
DICTIONARY
  5
10000318
330
10000317
100
AcDbDictionary
280
     1
  3
BTARCONSURFACERADIUS
360
1000031B
  3
BTDETID
360
10000319
  3
BTOWNERFACEID_
360
1000031A
  3
BTPARTID
360
1000031C
  0
DICTIONARY
  5
1000031E
330
1000031D
100
AcDbDictionary
280
     1
  3
BTDETID
360
1000031F
  3
BTPARTID
360
10000320
  0
DICTIONARY
  5
10000322
330
10000321
100
AcDbDictionary
280
     1
  3
BTARCONSURFACERADIUS
360
10000325
  3
BTDETID
360
10000323
  3
BTOWNERFACEID_
360
10000324
  3
BTPARTID
360
10000326
  0
DICTIONARY
  5
10000328
330
10000327
100
AcDbDictionary
280
     1
  3
BTDETID
360
10000329
  3
BTPARTID
360
1000032A
  0
DICTIONARY
  5
1000032C
330
1000032B
100
AcDbDictionary
280
     1
  3
BTARCONSURFACERADIUS
360
1000032F
  3
BTDETID
360
1000032D
  3
BTOWNERFACEID_
360
1000032E
  3
BTPARTID
360
10000330
  0
DICTIONARY
  5
10000332
330
10000331
100
AcDbDictionary
280
     1
  3
BTDETID
360
10000333
  3
BTPARTID
360
10000334
  0
DICTIONARY
  5
10000336
330
10000335
100
AcDbDictionary
280
     1
  3
BTARCONSURFACERADIUS
360
10000339
  3
BTDETID
360
10000337
  3
BTOWNERFACEID_
360
10000338
  3
BTPARTID
360
1000033A
  0
DICTIONARY
  5
1000033C
330
1000033B
100
AcDbDictionary
280
     1
  3
BTDETID
360
1000033D
  3
BTPARTID
360
1000033E
  0
DICTIONARY
  5
10000340
330
1000033F
100
AcDbDictionary
280
     1
  3
BTARCONSURFACERADIUS
360
10000343
  3
BTDETID
360
10000341
  3
BTOWNERFACEID_
360
10000342
  3
BTPARTID
360
10000344
  0
DICTIONARY
  5
10000346
330
10000345
100
AcDbDictionary
280
     1
  3
BTDETID
360
10000347
  3
BTPARTID
360
10000348
  0
DICTIONARY
  5
1000034A
330
10000349
100
AcDbDictionary
280
     1
  3
BTARCONSURFACERADIUS
360
1000034D
  3
BTDETID
360
1000034B
  3
BTOWNERFACEID_
360
1000034C
  3
BTPARTID
360
1000034E
  0
DICTIONARY
  5
D
102
{ACAD_REACTORS
330
C
102
}
330
C
100
AcDbDictionary
  0
DICTIONARY
  5
1A
102
{ACAD_REACTORS
330
C
102
}
330
C
100
AcDbDictionary
  0
DICTIONARY
  5
43
102
{ACAD_REACTORS
330
C
102
}
330
C
100
AcDbDictionary
  3
BYBLOCK
350
45
  3
BYLAYER
350
44
  3
GLOBAL
350
46
  0
DICTIONARY
  5
5B
102
{ACAD_REACTORS
330
C
102
}
330
C
100
AcDbDictionary
  3
STANDARD
350
5C
  0
DICTIONARY
  5
17
102
{ACAD_REACTORS
330
C
102
}
330
C
100
AcDbDictionary
  3
STANDARD
350
18
  0
DICTIONARY
  5
19
102
{ACAD_REACTORS
330
C
102
}
330
C
100
AcDbDictionary
  0
DICTIONARY
  5
47
102
{ACAD_REACTORS
330
C
102
}
330
C
100
AcDbDictionary
  3
SCALE100_1
350
10000023
  3
SCALE10_1
350
1000001D
  3
SCALE12_1
350
1000001E
  3
SCALE16_1
350
1000001F
  3
SCALE1_1
350
10000006
  3
SCALE1_10
350
1000000D
  3
SCALE1_100
350
10000016
  3
SCALE1_12
350
1000000E
  3
SCALE1_16
350
1000000F
  3
SCALE1_2
350
10000007
  3
SCALE1_20
350
10000010
  3
SCALE1_25
350
10000011
  3
SCALE1_3
350
10000008
  3
SCALE1_32
350
10000012
  3
SCALE1_4
350
10000009
  3
SCALE1_40
350
10000013
  3
SCALE1_5
350
1000000A
  3
SCALE1_50
350
10000014
  3
SCALE1_6
350
1000000B
  3
SCALE1_8
350
1000000C
  3
SCALE1_80
350
10000015
  3
SCALE20_1
350
10000020
  3
SCALE2_1
350
10000017
  3
SCALE32_1
350
10000021
  3
SCALE3_1
350
10000018
  3
SCALE4_1
350
10000019
  3
SCALE50_1
350
10000022
  3
SCALE5_1
350
1000001A
  3
SCALE6_1
350
1000001B
  3
SCALE8_1
350
1000001C
  0
DICTIONARY
  5
2A
102
{ACAD_REACTORS
330
C
102
}
330
C
100
AcDbDictionary
  3
2DWIREFRAME
350
2F
  3
BASIC
350
32
  3
BRIGHTEN
350
36
  3
COLORCHANGE
350
3A
  3
CONCEPTUAL
350
34
  3
DIM
350
35
  3
EDGECOLOROFF
350
3D
  3
FACEPATTERN
350
39
  3
FLAT
350
2B
  3
FLATWITHEDGES
350
2C
  3
GOURAUD
350
2D
  3
GOURAUDWITHEDGES
350
2E
  3
HIDDEN
350
31
  3
JITTEROFF
350
3B
  3
LINEPATTERN
350
38
  3
OVERHANGOFF
350
3C
  3
REALISTIC
350
33
  3
SHADED
350
42
  3
SHADED_WITH_EDGES
350
41
  3
SHADES_OF_GRAY
350
3E
  3
SKETCHY
350
3F
  3
THICKEN
350
37
  3
WIREFRAME
350
30
  3
X-RAY
350
40
  0
DICTIONARY
  5
10000351
102
{ACAD_REACTORS
330
C
102
}
330
C
100
AcDbDictionary
  3
CEPSNID
350
1000035B
  3
CEPSNTYPE
350
1000035A
  3
DIMSTYLEDATA
350
10000371
  3
FINGERPRINTGUID
350
1000035C
  3
HYPERLINKBASE
350
10000354
  3
INSUNITS
350
10000359
  3
LAYOUTDICT
350
10000356
  3
LWETCUNION
350
10000358
  3
PLOTSETDICT
350
10000357
  3
PSVPSCALE
350
1000035E
  3
PUCSBASE
350
10000361
  3
PUCSORGBACK
350
10000367
  3
PUCSORGBOTTOM
350
10000363
  3
PUCSORGFRONT
350
10000366
  3
PUCSORGLEFT
350
10000364
  3
PUCSORGRIGHT
350
10000365
  3
PUCSORGTOP
350
10000362
  3
PUCSORTHOREF
350
1000035F
  3
PUCSORTHOVIEW
350
10000360
  3
STYLESHEET
350
10000355
  3
TSTACKALIGN
350
10000352
  3
TSTACKSIZE
350
10000353
  3
UCSBASE
350
1000036A
  3
UCSORGBACK
350
10000370
  3
UCSORGBOTTOM
350
1000036C
  3
UCSORGFRONT
350
1000036F
  3
UCSORGLEFT
350
1000036D
  3
UCSORGRIGHT
350
1000036E
  3
UCSORGTOP
350
1000036B
  3
UCSORTHOREF
350
10000368
  3
UCSORTHOVIEW
350
10000369
  3
VERSIONGUID
350
1000035D
  0
DICTIONARY
  5
10000372
102
{ACAD_REACTORS
330
C
102
}
330
C
100
AcDbDictionary
  3
CANNOSCALE
350
10000380
  3
CENTEREXE
350
10000379
  3
CENTERLTYPEFILE
350
1000037A
  3
CMLEADERSTYLE
350
10000374
  3
CTABLESTYLE
350
10000373
  3
DIMASSOC
350
1000037B
  3
HIDETEXT
350
1000037C
  3
MSLTSCALE
350
10000381
  3
PSOLHEIGHT
350
10000376
  3
PSOLWIDTH
350
10000375
  0
XRECORD
  5
1000037D
102
{ACAD_REACTORS
330
C
102
}
330
C
100
AcDbXrecord
  1
DWGPROPS COOKIE
  2

  3

  4

  6
File was created by BTDwgCreate
  7

  8
onshape
  9

300
=
301
=
302
=
303
=
304
=
305
=
306
=
307
=
308
=
309
=
 40
0.0
 41
2461166.420731528
 42
2461166.420731597
  1

 90
        0
  0
DICTIONARY
  5
10000001
102
{ACAD_REACTORS
330
C
102
}
330
C
100
AcDbDictionary
280
     1
  3
DIM_UNITS
360
10000003
  3
DWGGEN_VERSION
360
10000002
  3
FIRST_ANGLE
360
10000005
  0
XRECORD
  5
1000037F
102
{ACAD_REACTORS
330
1000037E
102
}
330
1000037E
100
AcDbXrecord
102
VTR_0.000_0.000_1.000_1.000_VISUALSTYLE
340
2F
102
VTR_0.000_0.000_1.000_1.000_GRIDDISPLAY
 70
     3
102
VTR_0.000_0.000_1.000_1.000_GRIDMAJOR
 70
     5
102
VTR_0.000_0.000_1.000_1.000_DEFAULTLIGHTING
280
     1
102
VTR_0.000_0.000_1.000_1.000_DEFAULTLIGHTINGTYPE
 70
     1
102
VTR_0.000_0.000_1.000_1.000_BRIGHTNESS
141
0.0
102
VTR_0.000_0.000_1.000_1.000_CONTRAST
142
0.0
  0
SORTENTSTABLE
  5
10000350
102
{ACAD_REACTORS
330
1000034F
102
}
330
1000034F
100
AcDbSortentsTable
330
1F
  0
XRECORD
  5
1000005B
102
{ACAD_REACTORS
330
1000005A
102
}
330
1000005A
100
AcDbXrecord
1000
KHhS
  0
XRECORD
  5
1000005C
102
{ACAD_REACTORS
330
1000005A
102
}
330
1000005A
100
AcDbXrecord
1000
JHD
  0
XRECORD
  5
1000005F
102
{ACAD_REACTORS
330
1000005E
102
}
330
1000005E
100
AcDbXrecord
1000
KH5S
  0
XRECORD
  5
10000060
102
{ACAD_REACTORS
330
1000005E
102
}
330
1000005E
100
AcDbXrecord
1000
JHD
  0
XRECORD
  5
10000065
102
{ACAD_REACTORS
330
10000062
102
}
330
10000062
100
AcDbXrecord
 40
1.899999999999999
  0
XRECORD
  5
10000063
102
{ACAD_REACTORS
330
10000062
102
}
330
10000062
100
AcDbXrecord
1000
KHBT
  0
XRECORD
  5
10000064
102
{ACAD_REACTORS
330
10000062
102
}
330
10000062
100
AcDbXrecord
1000
JHG
  0
XRECORD
  5
10000066
102
{ACAD_REACTORS
330
10000062
102
}
330
10000062
100
AcDbXrecord
1000
JHD
  0
XRECORD
  5
1000006B
102
{ACAD_REACTORS
330
10000068
102
}
330
10000068
100
AcDbXrecord
 40
3.999999999967212
  0
XRECORD
  5
10000069
102
{ACAD_REACTORS
330
10000068
102
}
330
10000068
100
AcDbXrecord
1000
KHhO
  0
XRECORD
  5
1000006A
102
{ACAD_REACTORS
330
10000068
102
}
330
10000068
100
AcDbXrecord
1000
JHG
  0
XRECORD
  5
1000006C
102
{ACAD_REACTORS
330
10000068
102
}
330
10000068
100
AcDbXrecord
1000
JHD
  0
XRECORD
  5
10000071
102
{ACAD_REACTORS
330
1000006E
102
}
330
1000006E
100
AcDbXrecord
 40
3.000000000000048
  0
XRECORD
  5
1000006F
102
{ACAD_REACTORS
330
1000006E
102
}
330
1000006E
100
AcDbXrecord
1000
KHxP
  0
XRECORD
  5
10000070
102
{ACAD_REACTORS
330
1000006E
102
}
330
1000006E
100
AcDbXrecord
1000
JHG
  0
XRECORD
  5
10000072
102
{ACAD_REACTORS
330
1000006E
102
}
330
1000006E
100
AcDbXrecord
1000
JHD
  0
XRECORD
  5
10000075
102
{ACAD_REACTORS
330
10000074
102
}
330
10000074
100
AcDbXrecord
1000
KHZP
  0
XRECORD
  5
10000076
102
{ACAD_REACTORS
330
10000074
102
}
330
10000074
100
AcDbXrecord
1000
JHD
  0
XRECORD
  5
1000007B
102
{ACAD_REACTORS
330
10000078
102
}
330
10000078
100
AcDbXrecord
 40
3.000000000000004
  0
XRECORD
  5
10000079
102
{ACAD_REACTORS
330
10000078
102
}
330
10000078
100
AcDbXrecord
1000
KHhP
  0
XRECORD
  5
1000007A
102
{ACAD_REACTORS
330
10000078
102
}
330
10000078
100
AcDbXrecord
1000
JHG
  0
XRECORD
  5
1000007C
102
{ACAD_REACTORS
330
10000078
102
}
330
10000078
100
AcDbXrecord
1000
JHD
  0
XRECORD
  5
1000007F
102
{ACAD_REACTORS
330
1000007E
102
}
330
1000007E
100
AcDbXrecord
1000
KHRP
  0
XRECORD
  5
10000080
102
{ACAD_REACTORS
330
1000007E
102
}
330
1000007E
100
AcDbXrecord
1000
JHD
  0
XRECORD
  5
10000085
102
{ACAD_REACTORS
330
10000082
102
}
330
10000082
100
AcDbXrecord
 40
2.999999999999979
  0
XRECORD
  5
10000083
102
{ACAD_REACTORS
330
10000082
102
}
330
10000082
100
AcDbXrecord
1000
KHpP
  0
XRECORD
  5
10000084
102
{ACAD_REACTORS
330
10000082
102
}
330
10000082
100
AcDbXrecord
1000
JHG
  0
XRECORD
  5
10000086
102
{ACAD_REACTORS
330
10000082
102
}
330
10000082
100
AcDbXrecord
1000
JHD
  0
XRECORD
  5
1000008B
102
{ACAD_REACTORS
330
10000088
102
}
330
10000088
100
AcDbXrecord
 40
3.99999999996537
  0
XRECORD
  5
10000089
102
{ACAD_REACTORS
330
10000088
102
}
330
10000088
100
AcDbXrecord
1000
KHpO
  0
XRECORD
  5
1000008A
102
{ACAD_REACTORS
330
10000088
102
}
330
10000088
100
AcDbXrecord
1000
JHG
  0
XRECORD
  5
1000008C
102
{ACAD_REACTORS
330
10000088
102
}
330
10000088
100
AcDbXrecord
1000
JHD
  0
XRECORD
  5
10000091
102
{ACAD_REACTORS
330
1000008E
102
}
330
1000008E
100
AcDbXrecord
 40
1.89999999999998
  0
XRECORD
  5
1000008F
102
{ACAD_REACTORS
330
1000008E
102
}
330
1000008E
100
AcDbXrecord
1000
KHJT
  0
XRECORD
  5
10000090
102
{ACAD_REACTORS
330
1000008E
102
}
330
1000008E
100
AcDbXrecord
1000
JHG
  0
XRECORD
  5
10000092
102
{ACAD_REACTORS
330
1000008E
102
}
330
1000008E
100
AcDbXrecord
1000
JHD
  0
XRECORD
  5
10000095
102
{ACAD_REACTORS
330
10000094
102
}
330
10000094
100
AcDbXrecord
1000
KHxS
  0
XRECORD
  5
10000096
102
{ACAD_REACTORS
330
10000094
102
}
330
10000094
100
AcDbXrecord
1000
JHD
  0
XRECORD
  5
10000099
102
{ACAD_REACTORS
330
10000098
102
}
330
10000098
100
AcDbXrecord
1000
KHpS
  0
XRECORD
  5
1000009A
102
{ACAD_REACTORS
330
10000098
102
}
330
10000098
100
AcDbXrecord
1000
JHD
  0
XRECORD
  5
1000009F
102
{ACAD_REACTORS
330
1000009C
102
}
330
1000009C
100
AcDbXrecord
 40
1.0
  0
XRECORD
  5
1000009D
102
{ACAD_REACTORS
330
1000009C
102
}
330
1000009C
100
AcDbXrecord
1000
KHBP
  0
XRECORD
  5
1000009E
102
{ACAD_REACTORS
330
1000009C
102
}
330
1000009C
100
AcDbXrecord
1000
JHG
  0
XRECORD
  5
100000A0
102
{ACAD_REACTORS
330
1000009C
102
}
330
1000009C
100
AcDbXrecord
1000
JHD
  0
XRECORD
  5
100000A3
102
{ACAD_REACTORS
330
100000A2
102
}
330
100000A2
100
AcDbXrecord
1000
KHZO
  0
XRECORD
  5
100000A4
102
{ACAD_REACTORS
330
100000A2
102
}
330
100000A2
100
AcDbXrecord
1000
JHD
  0
XRECORD
  5
100000A9
102
{ACAD_REACTORS
330
100000A6
102
}
330
100000A6
100
AcDbXrecord
 40
13.99999999999994
  0
XRECORD
  5
100000A7
102
{ACAD_REACTORS
330
100000A6
102
}
330
100000A6
100
AcDbXrecord
1000
KHhK
  0
XRECORD
  5
100000A8
102
{ACAD_REACTORS
330
100000A6
102
}
330
100000A6
100
AcDbXrecord
1000
JHG
  0
XRECORD
  5
100000AA
102
{ACAD_REACTORS
330
100000A6
102
}
330
100000A6
100
AcDbXrecord
1000
JHD
  0
XRECORD
  5
100000AF
102
{ACAD_REACTORS
330
100000AC
102
}
330
100000AC
100
AcDbXrecord
 40
0.5000000000000678
  0
XRECORD
  5
100000AD
102
{ACAD_REACTORS
330
100000AC
102
}
330
100000AC
100
AcDbXrecord
1000
KHBS
  0
XRECORD
  5
100000AE
102
{ACAD_REACTORS
330
100000AC
102
}
330
100000AC
100
AcDbXrecord
1000
JHG
  0
XRECORD
  5
100000B0
102
{ACAD_REACTORS
330
100000AC
102
}
330
100000AC
100
AcDbXrecord
1000
JHD
  0
XRECORD
  5
100000B3
102
{ACAD_REACTORS
330
100000B2
102
}
330
100000B2
100
AcDbXrecord
1000
KHpM
  0
XRECORD
  5
100000B4
102
{ACAD_REACTORS
330
100000B2
102
}
330
100000B2
100
AcDbXrecord
1000
JHD
  0
XRECORD
  5
100000B9
102
{ACAD_REACTORS
330
100000B6
102
}
330
100000B6
100
AcDbXrecord
 40
0.5000000000000435
  0
XRECORD
  5
100000B7
102
{ACAD_REACTORS
330
100000B6
102
}
330
100000B6
100
AcDbXrecord
1000
KHJS
  0
XRECORD
  5
100000B8
102
{ACAD_REACTORS
330
100000B6
102
}
330
100000B6
100
AcDbXrecord
1000
JHG
  0
XRECORD
  5
100000BA
102
{ACAD_REACTORS
330
100000B6
102
}
330
100000B6
100
AcDbXrecord
1000
JHD
  0
XRECORD
  5
100000BD
102
{ACAD_REACTORS
330
100000BC
102
}
330
100000BC
100
AcDbXrecord
1000
KHhM
  0
XRECORD
  5
100000BE
102
{ACAD_REACTORS
330
100000BC
102
}
330
100000BC
100
AcDbXrecord
1000
JHD
  0
XRECORD
  5
100000C3
102
{ACAD_REACTORS
330
100000C0
102
}
330
100000C0
100
AcDbXrecord
 40
3.15
  0
XRECORD
  5
100000C1
102
{ACAD_REACTORS
330
100000C0
102
}
330
100000C0
100
AcDbXrecord
1000
KHZM
  0
XRECORD
  5
100000C2
102
{ACAD_REACTORS
330
100000C0
102
}
330
100000C0
100
AcDbXrecord
1000
JHG
  0
XRECORD
  5
100000C4
102
{ACAD_REACTORS
330
100000C0
102
}
330
100000C0
100
AcDbXrecord
1000
JHD
  0
XRECORD
  5
100000C7
102
{ACAD_REACTORS
330
100000C6
102
}
330
100000C6
100
AcDbXrecord
1000
KHRM
  0
XRECORD
  5
100000C8
102
{ACAD_REACTORS
330
100000C6
102
}
330
100000C6
100
AcDbXrecord
1000
JHD
  0
XRECORD
  5
100000CD
102
{ACAD_REACTORS
330
100000CA
102
}
330
100000CA
100
AcDbXrecord
 40
0.5000000000001523
  0
XRECORD
  5
100000CB
102
{ACAD_REACTORS
330
100000CA
102
}
330
100000CA
100
AcDbXrecord
1000
KHRS
  0
XRECORD
  5
100000CC
102
{ACAD_REACTORS
330
100000CA
102
}
330
100000CA
100
AcDbXrecord
1000
JHG
  0
XRECORD
  5
100000CE
102
{ACAD_REACTORS
330
100000CA
102
}
330
100000CA
100
AcDbXrecord
1000
JHD
  0
XRECORD
  5
100000D1
102
{ACAD_REACTORS
330
100000D0
102
}
330
100000D0
100
AcDbXrecord
1000
KHJM
  0
XRECORD
  5
100000D2
102
{ACAD_REACTORS
330
100000D0
102
}
330
100000D0
100
AcDbXrecord
1000
JHD
  0
XRECORD
  5
100000D7
102
{ACAD_REACTORS
330
100000D4
102
}
330
100000D4
100
AcDbXrecord
 40
0.5000000000000488
  0
XRECORD
  5
100000D5
102
{ACAD_REACTORS
330
100000D4
102
}
330
100000D4
100
AcDbXrecord
1000
KHZS
  0
XRECORD
  5
100000D6
102
{ACAD_REACTORS
330
100000D4
102
}
330
100000D4
100
AcDbXrecord
1000
JHG
  0
XRECORD
  5
100000D8
102
{ACAD_REACTORS
330
100000D4
102
}
330
100000D4
100
AcDbXrecord
1000
JHD
  0
XRECORD
  5
100000DD
102
{ACAD_REACTORS
330
100000DA
102
}
330
100000DA
100
AcDbXrecord
 40
13.99999999999997
  0
XRECORD
  5
100000DB
102
{ACAD_REACTORS
330
100000DA
102
}
330
100000DA
100
AcDbXrecord
1000
KHpK
  0
XRECORD
  5
100000DC
102
{ACAD_REACTORS
330
100000DA
102
}
330
100000DA
100
AcDbXrecord
1000
JHG
  0
XRECORD
  5
100000DE
102
{ACAD_REACTORS
330
100000DA
102
}
330
100000DA
100
AcDbXrecord
1000
JHD
  0
XRECORD
  5
100000E1
102
{ACAD_REACTORS
330
100000E0
102
}
330
100000E0
100
AcDbXrecord
1000
KHhL
  0
XRECORD
  5
100000E2
102
{ACAD_REACTORS
330
100000E0
102
}
330
100000E0
100
AcDbXrecord
1000
JHD
  0
XRECORD
  5
100000E7
102
{ACAD_REACTORS
330
100000E4
102
}
330
100000E4
100
AcDbXrecord
 40
0.9999999999999979
  0
XRECORD
  5
100000E5
102
{ACAD_REACTORS
330
100000E4
102
}
330
100000E4
100
AcDbXrecord
1000
KHxL
  0
XRECORD
  5
100000E6
102
{ACAD_REACTORS
330
100000E4
102
}
330
100000E4
100
AcDbXrecord
1000
JHG
  0
XRECORD
  5
100000E8
102
{ACAD_REACTORS
330
100000E4
102
}
330
100000E4
100
AcDbXrecord
1000
JHD
  0
XRECORD
  5
100000EB
102
{ACAD_REACTORS
330
100000EA
102
}
330
100000EA
100
AcDbXrecord
1000
KHRH
  0
XRECORD
  5
100000EC
102
{ACAD_REACTORS
330
100000EA
102
}
330
100000EA
100
AcDbXrecord
1000
JHD
  0
XRECORD
  5
100000F1
102
{ACAD_REACTORS
330
100000EE
102
}
330
100000EE
100
AcDbXrecord
 40
4.000000000000004
  0
XRECORD
  5
100000EF
102
{ACAD_REACTORS
330
100000EE
102
}
330
100000EE
100
AcDbXrecord
1000
KHRI
  0
XRECORD
  5
100000F0
102
{ACAD_REACTORS
330
100000EE
102
}
330
100000EE
100
AcDbXrecord
1000
JHG
  0
XRECORD
  5
100000F2
102
{ACAD_REACTORS
330
100000EE
102
}
330
100000EE
100
AcDbXrecord
1000
JHD
  0
XRECORD
  5
100000F5
102
{ACAD_REACTORS
330
100000F4
102
}
330
100000F4
100
AcDbXrecord
1000
KHpH
  0
XRECORD
  5
100000F6
102
{ACAD_REACTORS
330
100000F4
102
}
330
100000F4
100
AcDbXrecord
1000
JHD
  0
XRECORD
  5
100000FB
102
{ACAD_REACTORS
330
100000F8
102
}
330
100000F8
100
AcDbXrecord
 40
0.999999999999997
  0
XRECORD
  5
100000F9
102
{ACAD_REACTORS
330
100000F8
102
}
330
100000F8
100
AcDbXrecord
1000
KHpL
  0
XRECORD
  5
100000FA
102
{ACAD_REACTORS
330
100000F8
102
}
330
100000F8
100
AcDbXrecord
1000
JHG
  0
XRECORD
  5
100000FC
102
{ACAD_REACTORS
330
100000F8
102
}
330
100000F8
100
AcDbXrecord
1000
JHD
  0
XRECORD
  5
100000FF
102
{ACAD_REACTORS
330
100000FE
102
}
330
100000FE
100
AcDbXrecord
1000
KHZK
  0
XRECORD
  5
10000100
102
{ACAD_REACTORS
330
100000FE
102
}
330
100000FE
100
AcDbXrecord
1000
JHD
  0
XRECORD
  5
10000105
102
{ACAD_REACTORS
330
10000102
102
}
330
10000102
100
AcDbXrecord
 40
13.99999999999999
  0
XRECORD
  5
10000103
102
{ACAD_REACTORS
330
10000102
102
}
330
10000102
100
AcDbXrecord
1000
KH5T
  0
XRECORD
  5
10000104
102
{ACAD_REACTORS
330
10000102
102
}
330
10000102
100
AcDbXrecord
1000
JHG
  0
XRECORD
  5
10000106
102
{ACAD_REACTORS
330
10000102
102
}
330
10000102
100
AcDbXrecord
1000
JHD
  0
XRECORD
  5
1000010B
102
{ACAD_REACTORS
330
10000108
102
}
330
10000108
100
AcDbXrecord
 40
0.5000000000000111
  0
XRECORD
  5
10000109
102
{ACAD_REACTORS
330
10000108
102
}
330
10000108
100
AcDbXrecord
1000
KHRT
  0
XRECORD
  5
1000010A
102
{ACAD_REACTORS
330
10000108
102
}
330
10000108
100
AcDbXrecord
1000
JHG
  0
XRECORD
  5
1000010C
102
{ACAD_REACTORS
330
10000108
102
}
330
10000108
100
AcDbXrecord
1000
JHD
  0
XRECORD
  5
1000010F
102
{ACAD_REACTORS
330
1000010E
102
}
330
1000010E
100
AcDbXrecord
1000
KH5U
  0
XRECORD
  5
10000110
102
{ACAD_REACTORS
330
1000010E
102
}
330
1000010E
100
AcDbXrecord
1000
JHD
  0
XRECORD
  5
10000115
102
{ACAD_REACTORS
330
10000112
102
}
330
10000112
100
AcDbXrecord
 40
0.5000000000000823
  0
XRECORD
  5
10000113
102
{ACAD_REACTORS
330
10000112
102
}
330
10000112
100
AcDbXrecord
1000
KHZT
  0
XRECORD
  5
10000114
102
{ACAD_REACTORS
330
10000112
102
}
330
10000112
100
AcDbXrecord
1000
JHG
  0
XRECORD
  5
10000116
102
{ACAD_REACTORS
330
10000112
102
}
330
10000112
100
AcDbXrecord
1000
JHD
  0
XRECORD
  5
10000119
102
{ACAD_REACTORS
330
10000118
102
}
330
10000118
100
AcDbXrecord
1000
KHJV
  0
XRECORD
  5
1000011A
102
{ACAD_REACTORS
330
10000118
102
}
330
10000118
100
AcDbXrecord
1000
JHD
  0
XRECORD
  5
1000011F
102
{ACAD_REACTORS
330
1000011C
102
}
330
1000011C
100
AcDbXrecord
 40
3.149999999999999
  0
XRECORD
  5
1000011D
102
{ACAD_REACTORS
330
1000011C
102
}
330
1000011C
100
AcDbXrecord
1000
KHBV
  0
XRECORD
  5
1000011E
102
{ACAD_REACTORS
330
1000011C
102
}
330
1000011C
100
AcDbXrecord
1000
JHG
  0
XRECORD
  5
10000120
102
{ACAD_REACTORS
330
1000011C
102
}
330
1000011C
100
AcDbXrecord
1000
JHD
  0
XRECORD
  5
10000123
102
{ACAD_REACTORS
330
10000122
102
}
330
10000122
100
AcDbXrecord
1000
KHxU
  0
XRECORD
  5
10000124
102
{ACAD_REACTORS
330
10000122
102
}
330
10000122
100
AcDbXrecord
1000
JHD
  0
XRECORD
  5
10000129
102
{ACAD_REACTORS
330
10000126
102
}
330
10000126
100
AcDbXrecord
 40
0.4999999999999861
  0
XRECORD
  5
10000127
102
{ACAD_REACTORS
330
10000126
102
}
330
10000126
100
AcDbXrecord
1000
KHhT
  0
XRECORD
  5
10000128
102
{ACAD_REACTORS
330
10000126
102
}
330
10000126
100
AcDbXrecord
1000
JHG
  0
XRECORD
  5
1000012A
102
{ACAD_REACTORS
330
10000126
102
}
330
10000126
100
AcDbXrecord
1000
JHD
  0
XRECORD
  5
1000012D
102
{ACAD_REACTORS
330
1000012C
102
}
330
1000012C
100
AcDbXrecord
1000
KHRU
  0
XRECORD
  5
1000012E
102
{ACAD_REACTORS
330
1000012C
102
}
330
1000012C
100
AcDbXrecord
1000
JHD
  0
XRECORD
  5
10000133
102
{ACAD_REACTORS
330
10000130
102
}
330
10000130
100
AcDbXrecord
 40
0.5000000000000678
  0
XRECORD
  5
10000131
102
{ACAD_REACTORS
330
10000130
102
}
330
10000130
100
AcDbXrecord
1000
KHpT
  0
XRECORD
  5
10000132
102
{ACAD_REACTORS
330
10000130
102
}
330
10000130
100
AcDbXrecord
1000
JHG
  0
XRECORD
  5
10000134
102
{ACAD_REACTORS
330
10000130
102
}
330
10000130
100
AcDbXrecord
1000
JHD
  0
XRECORD
  5
10000139
102
{ACAD_REACTORS
330
10000136
102
}
330
10000136
100
AcDbXrecord
 40
13.99999999999995
  0
XRECORD
  5
10000137
102
{ACAD_REACTORS
330
10000136
102
}
330
10000136
100
AcDbXrecord
1000
KHpU
  0
XRECORD
  5
10000138
102
{ACAD_REACTORS
330
10000136
102
}
330
10000136
100
AcDbXrecord
1000
JHG
  0
XRECORD
  5
1000013A
102
{ACAD_REACTORS
330
10000136
102
}
330
10000136
100
AcDbXrecord
1000
JHD
  0
XRECORD
  5
1000013D
102
{ACAD_REACTORS
330
1000013C
102
}
330
1000013C
100
AcDbXrecord
1000
KHBO
  0
XRECORD
  5
1000013E
102
{ACAD_REACTORS
330
1000013C
102
}
330
1000013C
100
AcDbXrecord
1000
JHD
  0
XRECORD
  5
10000143
102
{ACAD_REACTORS
330
10000140
102
}
330
10000140
100
AcDbXrecord
 40
0.9999999999999987
  0
XRECORD
  5
10000141
102
{ACAD_REACTORS
330
10000140
102
}
330
10000140
100
AcDbXrecord
1000
KH5O
  0
XRECORD
  5
10000142
102
{ACAD_REACTORS
330
10000140
102
}
330
10000140
100
AcDbXrecord
1000
JHG
  0
XRECORD
  5
10000144
102
{ACAD_REACTORS
330
10000140
102
}
330
10000140
100
AcDbXrecord
1000
JHD
  0
XRECORD
  5
10000147
102
{ACAD_REACTORS
330
10000146
102
}
330
10000146
100
AcDbXrecord
1000
KH5P
  0
XRECORD
  5
10000148
102
{ACAD_REACTORS
330
10000146
102
}
330
10000146
100
AcDbXrecord
1000
JHD
  0
XRECORD
  5
1000014D
102
{ACAD_REACTORS
330
1000014A
102
}
330
1000014A
100
AcDbXrecord
 40
1.499999999999996
  0
XRECORD
  5
1000014B
102
{ACAD_REACTORS
330
1000014A
102
}
330
1000014A
100
AcDbXrecord
1000
KHRQ
  0
XRECORD
  5
1000014C
102
{ACAD_REACTORS
330
1000014A
102
}
330
1000014A
100
AcDbXrecord
1000
JHG
  0
XRECORD
  5
1000014E
102
{ACAD_REACTORS
330
1000014A
102
}
330
1000014A
100
AcDbXrecord
1000
JHD
  0
XRECORD
  5
10000151
102
{ACAD_REACTORS
330
10000150
102
}
330
10000150
100
AcDbXrecord
1000
KHJQ
  0
XRECORD
  5
10000152
102
{ACAD_REACTORS
330
10000150
102
}
330
10000150
100
AcDbXrecord
1000
JHD
  0
XRECORD
  5
10000157
102
{ACAD_REACTORS
330
10000154
102
}
330
10000154
100
AcDbXrecord
 40
1.500000000000001
  0
XRECORD
  5
10000155
102
{ACAD_REACTORS
330
10000154
102
}
330
10000154
100
AcDbXrecord
1000
KHZQ
  0
XRECORD
  5
10000156
102
{ACAD_REACTORS
330
10000154
102
}
330
10000154
100
AcDbXrecord
1000
JHG
  0
XRECORD
  5
10000158
102
{ACAD_REACTORS
330
10000154
102
}
330
10000154
100
AcDbXrecord
1000
JHD
  0
XRECORD
  5
1000015B
102
{ACAD_REACTORS
330
1000015A
102
}
330
1000015A
100
AcDbXrecord
1000
KHBQ
  0
XRECORD
  5
1000015C
102
{ACAD_REACTORS
330
1000015A
102
}
330
1000015A
100
AcDbXrecord
1000
JHD
  0
XRECORD
  5
10000161
102
{ACAD_REACTORS
330
1000015E
102
}
330
1000015E
100
AcDbXrecord
 40
0.9999999999999996
  0
XRECORD
  5
1000015F
102
{ACAD_REACTORS
330
1000015E
102
}
330
1000015E
100
AcDbXrecord
1000
KHxO
  0
XRECORD
  5
10000160
102
{ACAD_REACTORS
330
1000015E
102
}
330
1000015E
100
AcDbXrecord
1000
JHG
  0
XRECORD
  5
10000162
102
{ACAD_REACTORS
330
1000015E
102
}
330
1000015E
100
AcDbXrecord
1000
JHD
  0
XRECORD
  5
10000165
102
{ACAD_REACTORS
330
10000164
102
}
330
10000164
100
AcDbXrecord
1000
KHJO
  0
XRECORD
  5
10000166
102
{ACAD_REACTORS
330
10000164
102
}
330
10000164
100
AcDbXrecord
1000
JHD
  0
XRECORD
  5
1000016B
102
{ACAD_REACTORS
330
10000168
102
}
330
10000168
100
AcDbXrecord
 40
13.99999999999994
  0
XRECORD
  5
10000169
102
{ACAD_REACTORS
330
10000168
102
}
330
10000168
100
AcDbXrecord
1000
KHJL
  0
XRECORD
  5
1000016A
102
{ACAD_REACTORS
330
10000168
102
}
330
10000168
100
AcDbXrecord
1000
JHG
  0
XRECORD
  5
1000016C
102
{ACAD_REACTORS
330
10000168
102
}
330
10000168
100
AcDbXrecord
1000
JHD
  0
XRECORD
  5
10000171
102
{ACAD_REACTORS
330
1000016E
102
}
330
1000016E
100
AcDbXrecord
 40
0.5000000000000013
  0
XRECORD
  5
1000016F
102
{ACAD_REACTORS
330
1000016E
102
}
330
1000016E
100
AcDbXrecord
1000
KHZR
  0
XRECORD
  5
10000170
102
{ACAD_REACTORS
330
1000016E
102
}
330
1000016E
100
AcDbXrecord
1000
JHG
  0
XRECORD
  5
10000172
102
{ACAD_REACTORS
330
1000016E
102
}
330
1000016E
100
AcDbXrecord
1000
JHD
  0
XRECORD
  5
10000175
102
{ACAD_REACTORS
330
10000174
102
}
330
10000174
100
AcDbXrecord
1000
KH5N
  0
XRECORD
  5
10000176
102
{ACAD_REACTORS
330
10000174
102
}
330
10000174
100
AcDbXrecord
1000
JHD
  0
XRECORD
  5
1000017B
102
{ACAD_REACTORS
330
10000178
102
}
330
10000178
100
AcDbXrecord
 40
0.5000000000000414
  0
XRECORD
  5
10000179
102
{ACAD_REACTORS
330
10000178
102
}
330
10000178
100
AcDbXrecord
1000
KHJR
  0
XRECORD
  5
1000017A
102
{ACAD_REACTORS
330
10000178
102
}
330
10000178
100
AcDbXrecord
1000
JHG
  0
XRECORD
  5
1000017C
102
{ACAD_REACTORS
330
10000178
102
}
330
10000178
100
AcDbXrecord
1000
JHD
  0
XRECORD
  5
1000017F
102
{ACAD_REACTORS
330
1000017E
102
}
330
1000017E
100
AcDbXrecord
1000
KHxN
  0
XRECORD
  5
10000180
102
{ACAD_REACTORS
330
1000017E
102
}
330
1000017E
100
AcDbXrecord
1000
JHD
  0
XRECORD
  5
10000185
102
{ACAD_REACTORS
330
10000182
102
}
330
10000182
100
AcDbXrecord
 40
3.15
  0
XRECORD
  5
10000183
102
{ACAD_REACTORS
330
10000182
102
}
330
10000182
100
AcDbXrecord
1000
KHpN
  0
XRECORD
  5
10000184
102
{ACAD_REACTORS
330
10000182
102
}
330
10000182
100
AcDbXrecord
1000
JHG
  0
XRECORD
  5
10000186
102
{ACAD_REACTORS
330
10000182
102
}
330
10000182
100
AcDbXrecord
1000
JHD
  0
XRECORD
  5
10000189
102
{ACAD_REACTORS
330
10000188
102
}
330
10000188
100
AcDbXrecord
1000
KHhN
  0
XRECORD
  5
1000018A
102
{ACAD_REACTORS
330
10000188
102
}
330
10000188
100
AcDbXrecord
1000
JHD
  0
XRECORD
  5
1000018F
102
{ACAD_REACTORS
330
1000018C
102
}
330
1000018C
100
AcDbXrecord
 40
0.50000000000008
  0
XRECORD
  5
1000018D
102
{ACAD_REACTORS
330
1000018C
102
}
330
1000018C
100
AcDbXrecord
1000
KHBR
  0
XRECORD
  5
1000018E
102
{ACAD_REACTORS
330
1000018C
102
}
330
1000018C
100
AcDbXrecord
1000
JHG
  0
XRECORD
  5
10000190
102
{ACAD_REACTORS
330
1000018C
102
}
330
1000018C
100
AcDbXrecord
1000
JHD
  0
XRECORD
  5
10000193
102
{ACAD_REACTORS
330
10000192
102
}
330
10000192
100
AcDbXrecord
1000
KHZN
  0
XRECORD
  5
10000194
102
{ACAD_REACTORS
330
10000192
102
}
330
10000192
100
AcDbXrecord
1000
JHD
  0
XRECORD
  5
10000199
102
{ACAD_REACTORS
330
10000196
102
}
330
10000196
100
AcDbXrecord
 40
0.5000000000001067
  0
XRECORD
  5
10000197
102
{ACAD_REACTORS
330
10000196
102
}
330
10000196
100
AcDbXrecord
1000
KHRR
  0
XRECORD
  5
10000198
102
{ACAD_REACTORS
330
10000196
102
}
330
10000196
100
AcDbXrecord
1000
JHG
  0
XRECORD
  5
1000019A
102
{ACAD_REACTORS
330
10000196
102
}
330
10000196
100
AcDbXrecord
1000
JHD
  0
XRECORD
  5
1000019F
102
{ACAD_REACTORS
330
1000019C
102
}
330
1000019C
100
AcDbXrecord
 40
13.99999999999997
  0
XRECORD
  5
1000019D
102
{ACAD_REACTORS
330
1000019C
102
}
330
1000019C
100
AcDbXrecord
1000
KHRL
  0
XRECORD
  5
1000019E
102
{ACAD_REACTORS
330
1000019C
102
}
330
1000019C
100
AcDbXrecord
1000
JHG
  0
XRECORD
  5
100001A0
102
{ACAD_REACTORS
330
1000019C
102
}
330
1000019C
100
AcDbXrecord
1000
JHD
  0
XRECORD
  5
100001A3
102
{ACAD_REACTORS
330
100001A2
102
}
330
100001A2
100
AcDbXrecord
1000
KHZL
  0
XRECORD
  5
100001A4
102
{ACAD_REACTORS
330
100001A2
102
}
330
100001A2
100
AcDbXrecord
1000
JHD
  0
XRECORD
  5
100001A9
102
{ACAD_REACTORS
330
100001A6
102
}
330
100001A6
100
AcDbXrecord
 40
0.9999999999999979
  0
XRECORD
  5
100001A7
102
{ACAD_REACTORS
330
100001A6
102
}
330
100001A6
100
AcDbXrecord
1000
KHBM
  0
XRECORD
  5
100001A8
102
{ACAD_REACTORS
330
100001A6
102
}
330
100001A6
100
AcDbXrecord
1000
JHG
  0
XRECORD
  5
100001AA
102
{ACAD_REACTORS
330
100001A6
102
}
330
100001A6
100
AcDbXrecord
1000
JHD
  0
XRECORD
  5
100001AD
102
{ACAD_REACTORS
330
100001AC
102
}
330
100001AC
100
AcDbXrecord
1000
KHZH
  0
XRECORD
  5
100001AE
102
{ACAD_REACTORS
330
100001AC
102
}
330
100001AC
100
AcDbXrecord
1000
JHD
  0
XRECORD
  5
100001B3
102
{ACAD_REACTORS
330
100001B0
102
}
330
100001B0
100
AcDbXrecord
 40
4.000000000000006
  0
XRECORD
  5
100001B1
102
{ACAD_REACTORS
330
100001B0
102
}
330
100001B0
100
AcDbXrecord
1000
KHZI
  0
XRECORD
  5
100001B2
102
{ACAD_REACTORS
330
100001B0
102
}
330
100001B0
100
AcDbXrecord
1000
JHG
  0
XRECORD
  5
100001B4
102
{ACAD_REACTORS
330
100001B0
102
}
330
100001B0
100
AcDbXrecord
1000
JHD
  0
XRECORD
  5
100001B7
102
{ACAD_REACTORS
330
100001B6
102
}
330
100001B6
100
AcDbXrecord
1000
KHhH
  0
XRECORD
  5
100001B8
102
{ACAD_REACTORS
330
100001B6
102
}
330
100001B6
100
AcDbXrecord
1000
JHD
  0
XRECORD
  5
100001BD
102
{ACAD_REACTORS
330
100001BA
102
}
330
100001BA
100
AcDbXrecord
 40
0.9999999999999979
  0
XRECORD
  5
100001BB
102
{ACAD_REACTORS
330
100001BA
102
}
330
100001BA
100
AcDbXrecord
1000
KH5L
  0
XRECORD
  5
100001BC
102
{ACAD_REACTORS
330
100001BA
102
}
330
100001BA
100
AcDbXrecord
1000
JHG
  0
XRECORD
  5
100001BE
102
{ACAD_REACTORS
330
100001BA
102
}
330
100001BA
100
AcDbXrecord
1000
JHD
  0
XRECORD
  5
100001C1
102
{ACAD_REACTORS
330
100001C0
102
}
330
100001C0
100
AcDbXrecord
1000
KHxK
  0
XRECORD
  5
100001C2
102
{ACAD_REACTORS
330
100001C0
102
}
330
100001C0
100
AcDbXrecord
1000
JHD
  0
XRECORD
  5
100001C7
102
{ACAD_REACTORS
330
100001C4
102
}
330
100001C4
100
AcDbXrecord
 40
13.99999999999995
  0
XRECORD
  5
100001C5
102
{ACAD_REACTORS
330
100001C4
102
}
330
100001C4
100
AcDbXrecord
1000
KH5K
  0
XRECORD
  5
100001C6
102
{ACAD_REACTORS
330
100001C4
102
}
330
100001C4
100
AcDbXrecord
1000
JHG
  0
XRECORD
  5
100001C8
102
{ACAD_REACTORS
330
100001C4
102
}
330
100001C4
100
AcDbXrecord
1000
JHD
  0
XRECORD
  5
100001CD
102
{ACAD_REACTORS
330
100001CA
102
}
330
100001CA
100
AcDbXrecord
 40
0.5000000000000678
  0
XRECORD
  5
100001CB
102
{ACAD_REACTORS
330
100001CA
102
}
330
100001CA
100
AcDbXrecord
1000
KHhR
  0
XRECORD
  5
100001CC
102
{ACAD_REACTORS
330
100001CA
102
}
330
100001CA
100
AcDbXrecord
1000
JHG
  0
XRECORD
  5
100001CE
102
{ACAD_REACTORS
330
100001CA
102
}
330
100001CA
100
AcDbXrecord
1000
JHD
  0
XRECORD
  5
100001D1
102
{ACAD_REACTORS
330
100001D0
102
}
330
100001D0
100
AcDbXrecord
1000
KHRN
  0
XRECORD
  5
100001D2
102
{ACAD_REACTORS
330
100001D0
102
}
330
100001D0
100
AcDbXrecord
1000
JHD
  0
XRECORD
  5
100001D7
102
{ACAD_REACTORS
330
100001D4
102
}
330
100001D4
100
AcDbXrecord
 40
0.4999999999999835
  0
XRECORD
  5
100001D5
102
{ACAD_REACTORS
330
100001D4
102
}
330
100001D4
100
AcDbXrecord
1000
KHpR
  0
XRECORD
  5
100001D6
102
{ACAD_REACTORS
330
100001D4
102
}
330
100001D4
100
AcDbXrecord
1000
JHG
  0
XRECORD
  5
100001D8
102
{ACAD_REACTORS
330
100001D4
102
}
330
100001D4
100
AcDbXrecord
1000
JHD
  0
XRECORD
  5
100001DB
102
{ACAD_REACTORS
330
100001DA
102
}
330
100001DA
100
AcDbXrecord
1000
KHJN
  0
XRECORD
  5
100001DC
102
{ACAD_REACTORS
330
100001DA
102
}
330
100001DA
100
AcDbXrecord
1000
JHD
  0
XRECORD
  5
100001E1
102
{ACAD_REACTORS
330
100001DE
102
}
330
100001DE
100
AcDbXrecord
 40
3.15
  0
XRECORD
  5
100001DF
102
{ACAD_REACTORS
330
100001DE
102
}
330
100001DE
100
AcDbXrecord
1000
KHBN
  0
XRECORD
  5
100001E0
102
{ACAD_REACTORS
330
100001DE
102
}
330
100001DE
100
AcDbXrecord
1000
JHG
  0
XRECORD
  5
100001E2
102
{ACAD_REACTORS
330
100001DE
102
}
330
100001DE
100
AcDbXrecord
1000
JHD
  0
XRECORD
  5
100001E5
102
{ACAD_REACTORS
330
100001E4
102
}
330
100001E4
100
AcDbXrecord
1000
KH5M
  0
XRECORD
  5
100001E6
102
{ACAD_REACTORS
330
100001E4
102
}
330
100001E4
100
AcDbXrecord
1000
JHD
  0
XRECORD
  5
100001EB
102
{ACAD_REACTORS
330
100001E8
102
}
330
100001E8
100
AcDbXrecord
 40
0.50000000000008
  0
XRECORD
  5
100001E9
102
{ACAD_REACTORS
330
100001E8
102
}
330
100001E8
100
AcDbXrecord
1000
KHxR
  0
XRECORD
  5
100001EA
102
{ACAD_REACTORS
330
100001E8
102
}
330
100001E8
100
AcDbXrecord
1000
JHG
  0
XRECORD
  5
100001EC
102
{ACAD_REACTORS
330
100001E8
102
}
330
100001E8
100
AcDbXrecord
1000
JHD
  0
XRECORD
  5
100001EF
102
{ACAD_REACTORS
330
100001EE
102
}
330
100001EE
100
AcDbXrecord
1000
KHxM
  0
XRECORD
  5
100001F0
102
{ACAD_REACTORS
330
100001EE
102
}
330
100001EE
100
AcDbXrecord
1000
JHD
  0
XRECORD
  5
100001F5
102
{ACAD_REACTORS
330
100001F2
102
}
330
100001F2
100
AcDbXrecord
 40
0.5000000000000111
  0
XRECORD
  5
100001F3
102
{ACAD_REACTORS
330
100001F2
102
}
330
100001F2
100
AcDbXrecord
1000
KH5R
  0
XRECORD
  5
100001F4
102
{ACAD_REACTORS
330
100001F2
102
}
330
100001F2
100
AcDbXrecord
1000
JHG
  0
XRECORD
  5
100001F6
102
{ACAD_REACTORS
330
100001F2
102
}
330
100001F2
100
AcDbXrecord
1000
JHD
  0
XRECORD
  5
100001FB
102
{ACAD_REACTORS
330
100001F8
102
}
330
100001F8
100
AcDbXrecord
 40
13.99999999999999
  0
XRECORD
  5
100001F9
102
{ACAD_REACTORS
330
100001F8
102
}
330
100001F8
100
AcDbXrecord
1000
KHBL
  0
XRECORD
  5
100001FA
102
{ACAD_REACTORS
330
100001F8
102
}
330
100001F8
100
AcDbXrecord
1000
JHG
  0
XRECORD
  5
100001FC
102
{ACAD_REACTORS
330
100001F8
102
}
330
100001F8
100
AcDbXrecord
1000
JHD
  0
XRECORD
  5
100001FF
102
{ACAD_REACTORS
330
100001FE
102
}
330
100001FE
100
AcDbXrecord
1000
KHRO
  0
XRECORD
  5
10000200
102
{ACAD_REACTORS
330
100001FE
102
}
330
100001FE
100
AcDbXrecord
1000
JHD
  0
XRECORD
  5
10000205
102
{ACAD_REACTORS
330
10000202
102
}
330
10000202
100
AcDbXrecord
 40
1.0
  0
XRECORD
  5
10000203
102
{ACAD_REACTORS
330
10000202
102
}
330
10000202
100
AcDbXrecord
1000
KHJP
  0
XRECORD
  5
10000204
102
{ACAD_REACTORS
330
10000202
102
}
330
10000202
100
AcDbXrecord
1000
JHG
  0
XRECORD
  5
10000206
102
{ACAD_REACTORS
330
10000202
102
}
330
10000202
100
AcDbXrecord
1000
JHD
  0
XRECORD
  5
1000020B
102
{ACAD_REACTORS
330
10000208
102
}
330
10000208
100
AcDbXrecord
 40
0.800000000000001
  0
XRECORD
  5
10000209
102
{ACAD_REACTORS
330
10000208
102
}
330
10000208
100
AcDbXrecord
1000
KHxV
  0
XRECORD
  5
1000020A
102
{ACAD_REACTORS
330
10000208
102
}
330
10000208
100
AcDbXrecord
1000
JHG
  0
XRECORD
  5
1000020C
102
{ACAD_REACTORS
330
10000208
102
}
330
10000208
100
AcDbXrecord
1000
JHD
  0
XRECORD
  5
1000020F
102
{ACAD_REACTORS
330
1000020E
102
}
330
1000020E
100
AcDbXrecord
1000
KHpV
  0
XRECORD
  5
10000210
102
{ACAD_REACTORS
330
1000020E
102
}
330
1000020E
100
AcDbXrecord
1000
JHD
  0
XRECORD
  5
10000215
102
{ACAD_REACTORS
330
10000212
102
}
330
10000212
100
AcDbXrecord
 40
0.800000000000006
  0
XRECORD
  5
10000213
102
{ACAD_REACTORS
330
10000212
102
}
330
10000212
100
AcDbXrecord
1000
KH5V
  0
XRECORD
  5
10000214
102
{ACAD_REACTORS
330
10000212
102
}
330
10000212
100
AcDbXrecord
1000
JHG
  0
XRECORD
  5
10000216
102
{ACAD_REACTORS
330
10000212
102
}
330
10000212
100
AcDbXrecord
1000
JHD
  0
XRECORD
  5
10000219
102
{ACAD_REACTORS
330
10000218
102
}
330
10000218
100
AcDbXrecord
1000
KHRV
  0
XRECORD
  5
1000021A
102
{ACAD_REACTORS
330
10000218
102
}
330
10000218
100
AcDbXrecord
1000
JHD
  0
XRECORD
  5
1000021F
102
{ACAD_REACTORS
330
1000021C
102
}
330
1000021C
100
AcDbXrecord
 40
0.8000000000000084
  0
XRECORD
  5
1000021D
102
{ACAD_REACTORS
330
1000021C
102
}
330
1000021C
100
AcDbXrecord
1000
KHJW
  0
XRECORD
  5
1000021E
102
{ACAD_REACTORS
330
1000021C
102
}
330
1000021C
100
AcDbXrecord
1000
JHG
  0
XRECORD
  5
10000220
102
{ACAD_REACTORS
330
1000021C
102
}
330
1000021C
100
AcDbXrecord
1000
JHD
  0
XRECORD
  5
10000223
102
{ACAD_REACTORS
330
10000222
102
}
330
10000222
100
AcDbXrecord
1000
KHZV
  0
XRECORD
  5
10000224
102
{ACAD_REACTORS
330
10000222
102
}
330
10000222
100
AcDbXrecord
1000
JHD
  0
XRECORD
  5
10000229
102
{ACAD_REACTORS
330
10000226
102
}
330
10000226
100
AcDbXrecord
 40
0.800000000000011
  0
XRECORD
  5
10000227
102
{ACAD_REACTORS
330
10000226
102
}
330
10000226
100
AcDbXrecord
1000
KHBW
  0
XRECORD
  5
10000228
102
{ACAD_REACTORS
330
10000226
102
}
330
10000226
100
AcDbXrecord
1000
JHG
  0
XRECORD
  5
1000022A
102
{ACAD_REACTORS
330
10000226
102
}
330
10000226
100
AcDbXrecord
1000
JHD
  0
XRECORD
  5
1000022D
102
{ACAD_REACTORS
330
1000022C
102
}
330
1000022C
100
AcDbXrecord
1000
KHhV
  0
XRECORD
  5
1000022E
102
{ACAD_REACTORS
330
1000022C
102
}
330
1000022C
100
AcDbXrecord
1000
JHD
  0
XRECORD
  5
10000233
102
{ACAD_REACTORS
330
10000230
102
}
330
10000230
100
AcDbXrecord
 40
0.8000000000000048
  0
XRECORD
  5
10000231
102
{ACAD_REACTORS
330
10000230
102
}
330
10000230
100
AcDbXrecord
1000
KHxX
  0
XRECORD
  5
10000232
102
{ACAD_REACTORS
330
10000230
102
}
330
10000230
100
AcDbXrecord
1000
JHG
  0
XRECORD
  5
10000234
102
{ACAD_REACTORS
330
10000230
102
}
330
10000230
100
AcDbXrecord
1000
JHD
  0
XRECORD
  5
10000237
102
{ACAD_REACTORS
330
10000236
102
}
330
10000236
100
AcDbXrecord
1000
KHpX
  0
XRECORD
  5
10000238
102
{ACAD_REACTORS
330
10000236
102
}
330
10000236
100
AcDbXrecord
1000
JHD
  0
XRECORD
  5
1000023D
102
{ACAD_REACTORS
330
1000023A
102
}
330
1000023A
100
AcDbXrecord
 40
0.8000000000000089
  0
XRECORD
  5
1000023B
102
{ACAD_REACTORS
330
1000023A
102
}
330
1000023A
100
AcDbXrecord
1000
KH5X
  0
XRECORD
  5
1000023C
102
{ACAD_REACTORS
330
1000023A
102
}
330
1000023A
100
AcDbXrecord
1000
JHG
  0
XRECORD
  5
1000023E
102
{ACAD_REACTORS
330
1000023A
102
}
330
1000023A
100
AcDbXrecord
1000
JHD
  0
XRECORD
  5
10000241
102
{ACAD_REACTORS
330
10000240
102
}
330
10000240
100
AcDbXrecord
1000
KHRX
  0
XRECORD
  5
10000242
102
{ACAD_REACTORS
330
10000240
102
}
330
10000240
100
AcDbXrecord
1000
JHD
  0
XRECORD
  5
10000247
102
{ACAD_REACTORS
330
10000244
102
}
330
10000244
100
AcDbXrecord
 40
0.8000000000000088
  0
XRECORD
  5
10000245
102
{ACAD_REACTORS
330
10000244
102
}
330
10000244
100
AcDbXrecord
1000
KHJY
  0
XRECORD
  5
10000246
102
{ACAD_REACTORS
330
10000244
102
}
330
10000244
100
AcDbXrecord
1000
JHG
  0
XRECORD
  5
10000248
102
{ACAD_REACTORS
330
10000244
102
}
330
10000244
100
AcDbXrecord
1000
JHD
  0
XRECORD
  5
1000024B
102
{ACAD_REACTORS
330
1000024A
102
}
330
1000024A
100
AcDbXrecord
1000
KHZX
  0
XRECORD
  5
1000024C
102
{ACAD_REACTORS
330
1000024A
102
}
330
1000024A
100
AcDbXrecord
1000
JHD
  0
XRECORD
  5
10000251
102
{ACAD_REACTORS
330
1000024E
102
}
330
1000024E
100
AcDbXrecord
 40
0.8000000000000114
  0
XRECORD
  5
1000024F
102
{ACAD_REACTORS
330
1000024E
102
}
330
1000024E
100
AcDbXrecord
1000
KHBY
  0
XRECORD
  5
10000250
102
{ACAD_REACTORS
330
1000024E
102
}
330
1000024E
100
AcDbXrecord
1000
JHG
  0
XRECORD
  5
10000252
102
{ACAD_REACTORS
330
1000024E
102
}
330
1000024E
100
AcDbXrecord
1000
JHD
  0
XRECORD
  5
10000255
102
{ACAD_REACTORS
330
10000254
102
}
330
10000254
100
AcDbXrecord
1000
KHhX
  0
XRECORD
  5
10000256
102
{ACAD_REACTORS
330
10000254
102
}
330
10000254
100
AcDbXrecord
1000
JHD
  0
XRECORD
  5
1000025B
102
{ACAD_REACTORS
330
10000258
102
}
330
10000258
100
AcDbXrecord
 40
1.2
  0
XRECORD
  5
10000259
102
{ACAD_REACTORS
330
10000258
102
}
330
10000258
100
AcDbXrecord
1000
KHxH
  0
XRECORD
  5
1000025A
102
{ACAD_REACTORS
330
10000258
102
}
330
10000258
100
AcDbXrecord
1000
JHG
  0
XRECORD
  5
1000025C
102
{ACAD_REACTORS
330
10000258
102
}
330
10000258
100
AcDbXrecord
1000
JHD
  0
XRECORD
  5
10000261
102
{ACAD_REACTORS
330
1000025E
102
}
330
1000025E
100
AcDbXrecord
 40
1.2
  0
XRECORD
  5
1000025F
102
{ACAD_REACTORS
330
1000025E
102
}
330
1000025E
100
AcDbXrecord
1000
KH5H
  0
XRECORD
  5
10000260
102
{ACAD_REACTORS
330
1000025E
102
}
330
1000025E
100
AcDbXrecord
1000
JHG
  0
XRECORD
  5
10000262
102
{ACAD_REACTORS
330
1000025E
102
}
330
1000025E
100
AcDbXrecord
1000
JHD
  0
XRECORD
  5
10000267
102
{ACAD_REACTORS
330
10000264
102
}
330
10000264
100
AcDbXrecord
 40
1.2
  0
XRECORD
  5
10000265
102
{ACAD_REACTORS
330
10000264
102
}
330
10000264
100
AcDbXrecord
1000
KHBI
  0
XRECORD
  5
10000266
102
{ACAD_REACTORS
330
10000264
102
}
330
10000264
100
AcDbXrecord
1000
JHG
  0
XRECORD
  5
10000268
102
{ACAD_REACTORS
330
10000264
102
}
330
10000264
100
AcDbXrecord
1000
JHD
  0
XRECORD
  5
1000026D
102
{ACAD_REACTORS
330
1000026A
102
}
330
1000026A
100
AcDbXrecord
 40
1.2
  0
XRECORD
  5
1000026B
102
{ACAD_REACTORS
330
1000026A
102
}
330
1000026A
100
AcDbXrecord
1000
KHJI
  0
XRECORD
  5
1000026C
102
{ACAD_REACTORS
330
1000026A
102
}
330
1000026A
100
AcDbXrecord
1000
JHG
  0
XRECORD
  5
1000026E
102
{ACAD_REACTORS
330
1000026A
102
}
330
1000026A
100
AcDbXrecord
1000
JHD
  0
XRECORD
  5
10000273
102
{ACAD_REACTORS
330
10000270
102
}
330
10000270
100
AcDbXrecord
 40
1.2
  0
XRECORD
  5
10000271
102
{ACAD_REACTORS
330
10000270
102
}
330
10000270
100
AcDbXrecord
1000
KHhI
  0
XRECORD
  5
10000272
102
{ACAD_REACTORS
330
10000270
102
}
330
10000270
100
AcDbXrecord
1000
JHG
  0
XRECORD
  5
10000274
102
{ACAD_REACTORS
330
10000270
102
}
330
10000270
100
AcDbXrecord
1000
JHD
  0
XRECORD
  5
10000279
102
{ACAD_REACTORS
330
10000276
102
}
330
10000276
100
AcDbXrecord
 40
1.200000000000007
  0
XRECORD
  5
10000277
102
{ACAD_REACTORS
330
10000276
102
}
330
10000276
100
AcDbXrecord
1000
KHpI
  0
XRECORD
  5
10000278
102
{ACAD_REACTORS
330
10000276
102
}
330
10000276
100
AcDbXrecord
1000
JHG
  0
XRECORD
  5
1000027A
102
{ACAD_REACTORS
330
10000276
102
}
330
10000276
100
AcDbXrecord
1000
JHD
  0
XRECORD
  5
1000027F
102
{ACAD_REACTORS
330
1000027C
102
}
330
1000027C
100
AcDbXrecord
 40
2.199999999999994
  0
XRECORD
  5
1000027D
102
{ACAD_REACTORS
330
1000027C
102
}
330
1000027C
100
AcDbXrecord
1000
KHxI
  0
XRECORD
  5
1000027E
102
{ACAD_REACTORS
330
1000027C
102
}
330
1000027C
100
AcDbXrecord
1000
JHG
  0
XRECORD
  5
10000280
102
{ACAD_REACTORS
330
1000027C
102
}
330
1000027C
100
AcDbXrecord
1000
JHD
  0
XRECORD
  5
10000285
102
{ACAD_REACTORS
330
10000282
102
}
330
10000282
100
AcDbXrecord
 40
1.2
  0
XRECORD
  5
10000283
102
{ACAD_REACTORS
330
10000282
102
}
330
10000282
100
AcDbXrecord
1000
KH5I
  0
XRECORD
  5
10000284
102
{ACAD_REACTORS
330
10000282
102
}
330
10000282
100
AcDbXrecord
1000
JHG
  0
XRECORD
  5
10000286
102
{ACAD_REACTORS
330
10000282
102
}
330
10000282
100
AcDbXrecord
1000
JHD
  0
XRECORD
  5
1000028B
102
{ACAD_REACTORS
330
10000288
102
}
330
10000288
100
AcDbXrecord
 40
1.200000000000007
  0
XRECORD
  5
10000289
102
{ACAD_REACTORS
330
10000288
102
}
330
10000288
100
AcDbXrecord
1000
KHBJ
  0
XRECORD
  5
1000028A
102
{ACAD_REACTORS
330
10000288
102
}
330
10000288
100
AcDbXrecord
1000
JHG
  0
XRECORD
  5
1000028C
102
{ACAD_REACTORS
330
10000288
102
}
330
10000288
100
AcDbXrecord
1000
JHD
  0
XRECORD
  5
10000291
102
{ACAD_REACTORS
330
1000028E
102
}
330
1000028E
100
AcDbXrecord
 40
1.2
  0
XRECORD
  5
1000028F
102
{ACAD_REACTORS
330
1000028E
102
}
330
1000028E
100
AcDbXrecord
1000
KHJJ
  0
XRECORD
  5
10000290
102
{ACAD_REACTORS
330
1000028E
102
}
330
1000028E
100
AcDbXrecord
1000
JHG
  0
XRECORD
  5
10000292
102
{ACAD_REACTORS
330
1000028E
102
}
330
1000028E
100
AcDbXrecord
1000
JHD
  0
XRECORD
  5
10000297
102
{ACAD_REACTORS
330
10000294
102
}
330
10000294
100
AcDbXrecord
 40
1.200000000000007
  0
XRECORD
  5
10000295
102
{ACAD_REACTORS
330
10000294
102
}
330
10000294
100
AcDbXrecord
1000
KHRJ
  0
XRECORD
  5
10000296
102
{ACAD_REACTORS
330
10000294
102
}
330
10000294
100
AcDbXrecord
1000
JHG
  0
XRECORD
  5
10000298
102
{ACAD_REACTORS
330
10000294
102
}
330
10000294
100
AcDbXrecord
1000
JHD
  0
XRECORD
  5
1000029D
102
{ACAD_REACTORS
330
1000029A
102
}
330
1000029A
100
AcDbXrecord
 40
2.199999999999994
  0
XRECORD
  5
1000029B
102
{ACAD_REACTORS
330
1000029A
102
}
330
1000029A
100
AcDbXrecord
1000
KHZJ
  0
XRECORD
  5
1000029C
102
{ACAD_REACTORS
330
1000029A
102
}
330
1000029A
100
AcDbXrecord
1000
JHG
  0
XRECORD
  5
1000029E
102
{ACAD_REACTORS
330
1000029A
102
}
330
1000029A
100
AcDbXrecord
1000
JHD
  0
XRECORD
  5
100002A3
102
{ACAD_REACTORS
330
100002A0
102
}
330
100002A0
100
AcDbXrecord
 40
1.2
  0
XRECORD
  5
100002A1
102
{ACAD_REACTORS
330
100002A0
102
}
330
100002A0
100
AcDbXrecord
1000
KHhJ
  0
XRECORD
  5
100002A2
102
{ACAD_REACTORS
330
100002A0
102
}
330
100002A0
100
AcDbXrecord
1000
JHG
  0
XRECORD
  5
100002A4
102
{ACAD_REACTORS
330
100002A0
102
}
330
100002A0
100
AcDbXrecord
1000
JHD
  0
XRECORD
  5
100002A9
102
{ACAD_REACTORS
330
100002A6
102
}
330
100002A6
100
AcDbXrecord
 40
1.200000000000007
  0
XRECORD
  5
100002A7
102
{ACAD_REACTORS
330
100002A6
102
}
330
100002A6
100
AcDbXrecord
1000
KHpJ
  0
XRECORD
  5
100002A8
102
{ACAD_REACTORS
330
100002A6
102
}
330
100002A6
100
AcDbXrecord
1000
JHG
  0
XRECORD
  5
100002AA
102
{ACAD_REACTORS
330
100002A6
102
}
330
100002A6
100
AcDbXrecord
1000
JHD
  0
XRECORD
  5
100002AF
102
{ACAD_REACTORS
330
100002AC
102
}
330
100002AC
100
AcDbXrecord
 40
1.2
  0
XRECORD
  5
100002AD
102
{ACAD_REACTORS
330
100002AC
102
}
330
100002AC
100
AcDbXrecord
1000
KHxJ
  0
XRECORD
  5
100002AE
102
{ACAD_REACTORS
330
100002AC
102
}
330
100002AC
100
AcDbXrecord
1000
JHG
  0
XRECORD
  5
100002B0
102
{ACAD_REACTORS
330
100002AC
102
}
330
100002AC
100
AcDbXrecord
1000
JHD
  0
XRECORD
  5
100002B5
102
{ACAD_REACTORS
330
100002B2
102
}
330
100002B2
100
AcDbXrecord
 40
1.200000000000007
  0
XRECORD
  5
100002B3
102
{ACAD_REACTORS
330
100002B2
102
}
330
100002B2
100
AcDbXrecord
1000
KH5J
  0
XRECORD
  5
100002B4
102
{ACAD_REACTORS
330
100002B2
102
}
330
100002B2
100
AcDbXrecord
1000
JHG
  0
XRECORD
  5
100002B6
102
{ACAD_REACTORS
330
100002B2
102
}
330
100002B2
100
AcDbXrecord
1000
JHD
  0
XRECORD
  5
100002BB
102
{ACAD_REACTORS
330
100002B8
102
}
330
100002B8
100
AcDbXrecord
 40
2.199999999999994
  0
XRECORD
  5
100002B9
102
{ACAD_REACTORS
330
100002B8
102
}
330
100002B8
100
AcDbXrecord
1000
KHBK
  0
XRECORD
  5
100002BA
102
{ACAD_REACTORS
330
100002B8
102
}
330
100002B8
100
AcDbXrecord
1000
JHG
  0
XRECORD
  5
100002BC
102
{ACAD_REACTORS
330
100002B8
102
}
330
100002B8
100
AcDbXrecord
1000
JHD
  0
XRECORD
  5
100002C1
102
{ACAD_REACTORS
330
100002BE
102
}
330
100002BE
100
AcDbXrecord
 40
1.2
  0
XRECORD
  5
100002BF
102
{ACAD_REACTORS
330
100002BE
102
}
330
100002BE
100
AcDbXrecord
1000
KHJK
  0
XRECORD
  5
100002C0
102
{ACAD_REACTORS
330
100002BE
102
}
330
100002BE
100
AcDbXrecord
1000
JHG
  0
XRECORD
  5
100002C2
102
{ACAD_REACTORS
330
100002BE
102
}
330
100002BE
100
AcDbXrecord
1000
JHD
  0
XRECORD
  5
100002C7
102
{ACAD_REACTORS
330
100002C4
102
}
330
100002C4
100
AcDbXrecord
 40
1.200000000000007
  0
XRECORD
  5
100002C5
102
{ACAD_REACTORS
330
100002C4
102
}
330
100002C4
100
AcDbXrecord
1000
KHRK
  0
XRECORD
  5
100002C6
102
{ACAD_REACTORS
330
100002C4
102
}
330
100002C4
100
AcDbXrecord
1000
JHG
  0
XRECORD
  5
100002C8
102
{ACAD_REACTORS
330
100002C4
102
}
330
100002C4
100
AcDbXrecord
1000
JHD
  0
XRECORD
  5
100002CD
102
{ACAD_REACTORS
330
100002CA
102
}
330
100002CA
100
AcDbXrecord
 40
1.2
  0
XRECORD
  5
100002CB
102
{ACAD_REACTORS
330
100002CA
102
}
330
100002CA
100
AcDbXrecord
1000
KHhQ
  0
XRECORD
  5
100002CC
102
{ACAD_REACTORS
330
100002CA
102
}
330
100002CA
100
AcDbXrecord
1000
JHG
  0
XRECORD
  5
100002CE
102
{ACAD_REACTORS
330
100002CA
102
}
330
100002CA
100
AcDbXrecord
1000
JHD
  0
XRECORD
  5
100002D3
102
{ACAD_REACTORS
330
100002D0
102
}
330
100002D0
100
AcDbXrecord
 40
1.2
  0
XRECORD
  5
100002D1
102
{ACAD_REACTORS
330
100002D0
102
}
330
100002D0
100
AcDbXrecord
1000
KHpQ
  0
XRECORD
  5
100002D2
102
{ACAD_REACTORS
330
100002D0
102
}
330
100002D0
100
AcDbXrecord
1000
JHG
  0
XRECORD
  5
100002D4
102
{ACAD_REACTORS
330
100002D0
102
}
330
100002D0
100
AcDbXrecord
1000
JHD
  0
XRECORD
  5
100002D9
102
{ACAD_REACTORS
330
100002D6
102
}
330
100002D6
100
AcDbXrecord
 40
1.2
  0
XRECORD
  5
100002D7
102
{ACAD_REACTORS
330
100002D6
102
}
330
100002D6
100
AcDbXrecord
1000
KHxQ
  0
XRECORD
  5
100002D8
102
{ACAD_REACTORS
330
100002D6
102
}
330
100002D6
100
AcDbXrecord
1000
JHG
  0
XRECORD
  5
100002DA
102
{ACAD_REACTORS
330
100002D6
102
}
330
100002D6
100
AcDbXrecord
1000
JHD
  0
XRECORD
  5
100002DF
102
{ACAD_REACTORS
330
100002DC
102
}
330
100002DC
100
AcDbXrecord
 40
1.2
  0
XRECORD
  5
100002DD
102
{ACAD_REACTORS
330
100002DC
102
}
330
100002DC
100
AcDbXrecord
1000
KH5Q
  0
XRECORD
  5
100002DE
102
{ACAD_REACTORS
330
100002DC
102
}
330
100002DC
100
AcDbXrecord
1000
JHG
  0
XRECORD
  5
100002E0
102
{ACAD_REACTORS
330
100002DC
102
}
330
100002DC
100
AcDbXrecord
1000
JHD
  0
XRECORD
  5
100002E5
102
{ACAD_REACTORS
330
100002E2
102
}
330
100002E2
100
AcDbXrecord
 40
1.2
  0
XRECORD
  5
100002E3
102
{ACAD_REACTORS
330
100002E2
102
}
330
100002E2
100
AcDbXrecord
1000
KHBU
  0
XRECORD
  5
100002E4
102
{ACAD_REACTORS
330
100002E2
102
}
330
100002E2
100
AcDbXrecord
1000
JHG
  0
XRECORD
  5
100002E6
102
{ACAD_REACTORS
330
100002E2
102
}
330
100002E2
100
AcDbXrecord
1000
JHD
  0
XRECORD
  5
100002EB
102
{ACAD_REACTORS
330
100002E8
102
}
330
100002E8
100
AcDbXrecord
 40
2.199999999999994
  0
XRECORD
  5
100002E9
102
{ACAD_REACTORS
330
100002E8
102
}
330
100002E8
100
AcDbXrecord
1000
KHZU
  0
XRECORD
  5
100002EA
102
{ACAD_REACTORS
330
100002E8
102
}
330
100002E8
100
AcDbXrecord
1000
JHG
  0
XRECORD
  5
100002EC
102
{ACAD_REACTORS
330
100002E8
102
}
330
100002E8
100
AcDbXrecord
1000
JHD
  0
XRECORD
  5
100002F1
102
{ACAD_REACTORS
330
100002EE
102
}
330
100002EE
100
AcDbXrecord
 40
1.200000000000007
  0
XRECORD
  5
100002EF
102
{ACAD_REACTORS
330
100002EE
102
}
330
100002EE
100
AcDbXrecord
1000
KHhU
  0
XRECORD
  5
100002F0
102
{ACAD_REACTORS
330
100002EE
102
}
330
100002EE
100
AcDbXrecord
1000
JHG
  0
XRECORD
  5
100002F2
102
{ACAD_REACTORS
330
100002EE
102
}
330
100002EE
100
AcDbXrecord
1000
JHD
  0
XRECORD
  5
100002F7
102
{ACAD_REACTORS
330
100002F4
102
}
330
100002F4
100
AcDbXrecord
 40
1.200000000000007
  0
XRECORD
  5
100002F5
102
{ACAD_REACTORS
330
100002F4
102
}
330
100002F4
100
AcDbXrecord
1000
KHJU
  0
XRECORD
  5
100002F6
102
{ACAD_REACTORS
330
100002F4
102
}
330
100002F4
100
AcDbXrecord
1000
JHG
  0
XRECORD
  5
100002F8
102
{ACAD_REACTORS
330
100002F4
102
}
330
100002F4
100
AcDbXrecord
1000
JHD
  0
XRECORD
  5
100002FD
102
{ACAD_REACTORS
330
100002FA
102
}
330
100002FA
100
AcDbXrecord
 40
1.2
  0
XRECORD
  5
100002FB
102
{ACAD_REACTORS
330
100002FA
102
}
330
100002FA
100
AcDbXrecord
1000
KHxT
  0
XRECORD
  5
100002FC
102
{ACAD_REACTORS
330
100002FA
102
}
330
100002FA
100
AcDbXrecord
1000
JHG
  0
XRECORD
  5
100002FE
102
{ACAD_REACTORS
330
100002FA
102
}
330
100002FA
100
AcDbXrecord
1000
JHD
  0
XRECORD
  5
10000301
102
{ACAD_REACTORS
330
10000300
102
}
330
10000300
100
AcDbXrecord
1000
KHhY
  0
XRECORD
  5
10000302
102
{ACAD_REACTORS
330
10000300
102
}
330
10000300
100
AcDbXrecord
1000
JHD
  0
XRECORD
  5
10000307
102
{ACAD_REACTORS
330
10000304
102
}
330
10000304
100
AcDbXrecord
 40
0.8000000000000088
  0
XRECORD
  5
10000305
102
{ACAD_REACTORS
330
10000304
102
}
330
10000304
100
AcDbXrecord
1000
KHpY
  0
XRECORD
  5
10000306
102
{ACAD_REACTORS
330
10000304
102
}
330
10000304
100
AcDbXrecord
1000
JHG
  0
XRECORD
  5
10000308
102
{ACAD_REACTORS
330
10000304
102
}
330
10000304
100
AcDbXrecord
1000
JHD
  0
XRECORD
  5
1000030B
102
{ACAD_REACTORS
330
1000030A
102
}
330
1000030A
100
AcDbXrecord
1000
KH5Y
  0
XRECORD
  5
1000030C
102
{ACAD_REACTORS
330
1000030A
102
}
330
1000030A
100
AcDbXrecord
1000
JHD
  0
XRECORD
  5
10000311
102
{ACAD_REACTORS
330
1000030E
102
}
330
1000030E
100
AcDbXrecord
 40
0.8000000000000075
  0
XRECORD
  5
1000030F
102
{ACAD_REACTORS
330
1000030E
102
}
330
1000030E
100
AcDbXrecord
1000
KHBZ
  0
XRECORD
  5
10000310
102
{ACAD_REACTORS
330
1000030E
102
}
330
1000030E
100
AcDbXrecord
1000
JHG
  0
XRECORD
  5
10000312
102
{ACAD_REACTORS
330
1000030E
102
}
330
1000030E
100
AcDbXrecord
1000
JHD
  0
XRECORD
  5
10000315
102
{ACAD_REACTORS
330
10000314
102
}
330
10000314
100
AcDbXrecord
1000
KHxY
  0
XRECORD
  5
10000316
102
{ACAD_REACTORS
330
10000314
102
}
330
10000314
100
AcDbXrecord
1000
JHD
  0
XRECORD
  5
1000031B
102
{ACAD_REACTORS
330
10000318
102
}
330
10000318
100
AcDbXrecord
 40
0.8000000000000036
  0
XRECORD
  5
10000319
102
{ACAD_REACTORS
330
10000318
102
}
330
10000318
100
AcDbXrecord
1000
KHJZ
  0
XRECORD
  5
1000031A
102
{ACAD_REACTORS
330
10000318
102
}
330
10000318
100
AcDbXrecord
1000
JHG
  0
XRECORD
  5
1000031C
102
{ACAD_REACTORS
330
10000318
102
}
330
10000318
100
AcDbXrecord
1000
JHD
  0
XRECORD
  5
1000031F
102
{ACAD_REACTORS
330
1000031E
102
}
330
1000031E
100
AcDbXrecord
1000
KHRY
  0
XRECORD
  5
10000320
102
{ACAD_REACTORS
330
1000031E
102
}
330
1000031E
100
AcDbXrecord
1000
JHD
  0
XRECORD
  5
10000325
102
{ACAD_REACTORS
330
10000322
102
}
330
10000322
100
AcDbXrecord
 40
0.8000000000000113
  0
XRECORD
  5
10000323
102
{ACAD_REACTORS
330
10000322
102
}
330
10000322
100
AcDbXrecord
1000
KHZY
  0
XRECORD
  5
10000324
102
{ACAD_REACTORS
330
10000322
102
}
330
10000322
100
AcDbXrecord
1000
JHG
  0
XRECORD
  5
10000326
102
{ACAD_REACTORS
330
10000322
102
}
330
10000322
100
AcDbXrecord
1000
JHD
  0
XRECORD
  5
10000329
102
{ACAD_REACTORS
330
10000328
102
}
330
10000328
100
AcDbXrecord
1000
KH5W
  0
XRECORD
  5
1000032A
102
{ACAD_REACTORS
330
10000328
102
}
330
10000328
100
AcDbXrecord
1000
JHD
  0
XRECORD
  5
1000032F
102
{ACAD_REACTORS
330
1000032C
102
}
330
1000032C
100
AcDbXrecord
 40
0.8000000000000085
  0
XRECORD
  5
1000032D
102
{ACAD_REACTORS
330
1000032C
102
}
330
1000032C
100
AcDbXrecord
1000
KHJX
  0
XRECORD
  5
1000032E
102
{ACAD_REACTORS
330
1000032C
102
}
330
1000032C
100
AcDbXrecord
1000
JHG
  0
XRECORD
  5
10000330
102
{ACAD_REACTORS
330
1000032C
102
}
330
1000032C
100
AcDbXrecord
1000
JHD
  0
XRECORD
  5
10000333
102
{ACAD_REACTORS
330
10000332
102
}
330
10000332
100
AcDbXrecord
1000
KHBX
  0
XRECORD
  5
10000334
102
{ACAD_REACTORS
330
10000332
102
}
330
10000332
100
AcDbXrecord
1000
JHD
  0
XRECORD
  5
10000339
102
{ACAD_REACTORS
330
10000336
102
}
330
10000336
100
AcDbXrecord
 40
0.8000000000000084
  0
XRECORD
  5
10000337
102
{ACAD_REACTORS
330
10000336
102
}
330
10000336
100
AcDbXrecord
1000
KHxW
  0
XRECORD
  5
10000338
102
{ACAD_REACTORS
330
10000336
102
}
330
10000336
100
AcDbXrecord
1000
JHG
  0
XRECORD
  5
1000033A
102
{ACAD_REACTORS
330
10000336
102
}
330
10000336
100
AcDbXrecord
1000
JHD
  0
XRECORD
  5
1000033D
102
{ACAD_REACTORS
330
1000033C
102
}
330
1000033C
100
AcDbXrecord
1000
KHpW
  0
XRECORD
  5
1000033E
102
{ACAD_REACTORS
330
1000033C
102
}
330
1000033C
100
AcDbXrecord
1000
JHD
  0
XRECORD
  5
10000343
102
{ACAD_REACTORS
330
10000340
102
}
330
10000340
100
AcDbXrecord
 40
0.8000000000000084
  0
XRECORD
  5
10000341
102
{ACAD_REACTORS
330
10000340
102
}
330
10000340
100
AcDbXrecord
1000
KHhW
  0
XRECORD
  5
10000342
102
{ACAD_REACTORS
330
10000340
102
}
330
10000340
100
AcDbXrecord
1000
JHG
  0
XRECORD
  5
10000344
102
{ACAD_REACTORS
330
10000340
102
}
330
10000340
100
AcDbXrecord
1000
JHD
  0
XRECORD
  5
10000347
102
{ACAD_REACTORS
330
10000346
102
}
330
10000346
100
AcDbXrecord
1000
KHZW
  0
XRECORD
  5
10000348
102
{ACAD_REACTORS
330
10000346
102
}
330
10000346
100
AcDbXrecord
1000
JHD
  0
XRECORD
  5
1000034D
102
{ACAD_REACTORS
330
1000034A
102
}
330
1000034A
100
AcDbXrecord
 40
0.8000000000000036
  0
XRECORD
  5
1000034B
102
{ACAD_REACTORS
330
1000034A
102
}
330
1000034A
100
AcDbXrecord
1000
KHRW
  0
XRECORD
  5
1000034C
102
{ACAD_REACTORS
330
1000034A
102
}
330
1000034A
100
AcDbXrecord
1000
JHG
  0
XRECORD
  5
1000034E
102
{ACAD_REACTORS
330
1000034A
102
}
330
1000034A
100
AcDbXrecord
1000
JHD
  0
MATERIAL
  5
45
102
{ACAD_REACTORS
330
43
102
}
102
{ACAD_XDICTIONARY
360
10000384
102
}
330
43
100
AcDbMaterial
  1
BYBLOCK
  0
MATERIAL
  5
44
102
{ACAD_REACTORS
330
43
102
}
102
{ACAD_XDICTIONARY
360
10000382
102
}
330
43
100
AcDbMaterial
  1
BYLAYER
  0
MATERIAL
  5
46
102
{ACAD_REACTORS
330
43
102
}
102
{ACAD_XDICTIONARY
360
10000386
102
}
330
43
100
AcDbMaterial
  1
GLOBAL
  0
ACAD_PROXY_OBJECT
  5
5C
102
{ACAD_REACTORS
330
5B
102
}
330
5B
100
AcDbProxyObject
 90
      499
 91
      505
 93
      610
310
40901902A4063FBFFFFFE0000000000000020400000000000020404214DD185B99185C990000000000000104090141901A00000000000004100000000000000041025764000000000000039000
340
14
340
0
340
11
340
0
 94
        0
1001
ACAD_MLEADERVER
1070
     2
  0
MLINESTYLE
  5
18
102
{ACAD_REACTORS
330
17
102
}
330
17
100
AcDbMlineStyle
  2
Standard
 70
     0
  3

 62
   256
 51
90.0
 52
90.0
 71
     2
 49
0.5
 62
   256
  6
BYLAYER
 49
-0.5
 62
   256
  6
BYLAYER
  0
ACAD_PROXY_OBJECT
  5
10000023
102
{ACAD_REACTORS
330
47
102
}
330
47
100
AcDbProxyObject
 90
      499
 91
      503
 93
      121
310
9053130303A310000000000001650100
  0
ACAD_PROXY_OBJECT
  5
1000001D
102
{ACAD_REACTORS
330
47
102
}
330
47
100
AcDbProxyObject
 90
      499
 91
      503
 93
      113
310
90431303A310000000000000910100
  0
ACAD_PROXY_OBJECT
  5
1000001E
102
{ACAD_REACTORS
330
47
102
}
330
47
100
AcDbProxyObject
 90
      499
 91
      503
 93
      113
310
90431323A310000000000000A10100
  0
ACAD_PROXY_OBJECT
  5
1000001F
102
{ACAD_REACTORS
330
47
102
}
330
47
100
AcDbProxyObject
 90
      499
 91
      503
 93
      113
310
90431363A310000000000000C10100
  0
ACAD_PROXY_OBJECT
  5
10000006
102
{ACAD_REACTORS
330
47
102
}
330
47
100
AcDbProxyObject
 90
      499
 91
      503
 93
       41
310
903313A31500
  0
ACAD_PROXY_OBJECT
  5
1000000D
102
{ACAD_REACTORS
330
47
102
}
330
47
100
AcDbProxyObject
 90
      499
 91
      503
 93
      113
310
904313A31304000000000000244000
  0
ACAD_PROXY_OBJECT
  5
10000016
102
{ACAD_REACTORS
330
47
102
}
330
47
100
AcDbProxyObject
 90
      499
 91
      503
 93
      121
310
905313A3130304000000000000594000
  0
ACAD_PROXY_OBJECT
  5
1000000E
102
{ACAD_REACTORS
330
47
102
}
330
47
100
AcDbProxyObject
 90
      499
 91
      503
 93
      113
310
904313A31324000000000000284000
  0
ACAD_PROXY_OBJECT
  5
1000000F
102
{ACAD_REACTORS
330
47
102
}
330
47
100
AcDbProxyObject
 90
      499
 91
      503
 93
      113
310
904313A31364000000000000304000
  0
ACAD_PROXY_OBJECT
  5
10000007
102
{ACAD_REACTORS
330
47
102
}
330
47
100
AcDbProxyObject
 90
      499
 91
      503
 93
      105
310
903313A324000000000000004000
  0
ACAD_PROXY_OBJECT
  5
10000010
102
{ACAD_REACTORS
330
47
102
}
330
47
100
AcDbProxyObject
 90
      499
 91
      503
 93
      113
310
904313A32304000000000000344000
  0
ACAD_PROXY_OBJECT
  5
10000011
102
{ACAD_REACTORS
330
47
102
}
330
47
100
AcDbProxyObject
 90
      499
 91
      503
 93
      113
310
904313A32354000000000000394000
  0
ACAD_PROXY_OBJECT
  5
10000008
102
{ACAD_REACTORS
330
47
102
}
330
47
100
AcDbProxyObject
 90
      499
 91
      503
 93
      105
310
903313A334000000000000084000
  0
ACAD_PROXY_OBJECT
  5
10000012
102
{ACAD_REACTORS
330
47
102
}
330
47
100
AcDbProxyObject
 90
      499
 91
      503
 93
      113
310
904313A33324000000000000404000
  0
ACAD_PROXY_OBJECT
  5
10000009
102
{ACAD_REACTORS
330
47
102
}
330
47
100
AcDbProxyObject
 90
      499
 91
      503
 93
      105
310
903313A344000000000000104000
  0
ACAD_PROXY_OBJECT
  5
10000013
102
{ACAD_REACTORS
330
47
102
}
330
47
100
AcDbProxyObject
 90
      499
 91
      503
 93
      113
310
904313A34304000000000000444000
  0
ACAD_PROXY_OBJECT
  5
1000000A
102
{ACAD_REACTORS
330
47
102
}
330
47
100
AcDbProxyObject
 90
      499
 91
      503
 93
      105
310
903313A354000000000000144000
  0
ACAD_PROXY_OBJECT
  5
10000014
102
{ACAD_REACTORS
330
47
102
}
330
47
100
AcDbProxyObject
 90
      499
 91
      503
 93
      113
310
904313A35304000000000000494000
  0
ACAD_PROXY_OBJECT
  5
1000000B
102
{ACAD_REACTORS
330
47
102
}
330
47
100
AcDbProxyObject
 90
      499
 91
      503
 93
      105
310
903313A364000000000000184000
  0
ACAD_PROXY_OBJECT
  5
1000000C
102
{ACAD_REACTORS
330
47
102
}
330
47
100
AcDbProxyObject
 90
      499
 91
      503
 93
      105
310
903313A384000000000000204000
  0
ACAD_PROXY_OBJECT
  5
10000015
102
{ACAD_REACTORS
330
47
102
}
330
47
100
AcDbProxyObject
 90
      499
 91
      503
 93
      113
310
904313A38304000000000000544000
  0
ACAD_PROXY_OBJECT
  5
10000020
102
{ACAD_REACTORS
330
47
102
}
330
47
100
AcDbProxyObject
 90
      499
 91
      503
 93
      113
310
90432303A310000000000000D10100
  0
ACAD_PROXY_OBJECT
  5
10000017
102
{ACAD_REACTORS
330
47
102
}
330
47
100
AcDbProxyObject
 90
      499
 91
      503
 93
      105
310
903323A310000000000000010100
  0
ACAD_PROXY_OBJECT
  5
10000021
102
{ACAD_REACTORS
330
47
102
}
330
47
100
AcDbProxyObject
 90
      499
 91
      503
 93
      113
310
90433323A310000000000001010100
  0
ACAD_PROXY_OBJECT
  5
10000018
102
{ACAD_REACTORS
330
47
102
}
330
47
100
AcDbProxyObject
 90
      499
 91
      503
 93
      105
310
903333A310000000000000210100
  0
ACAD_PROXY_OBJECT
  5
10000019
102
{ACAD_REACTORS
330
47
102
}
330
47
100
AcDbProxyObject
 90
      499
 91
      503
 93
      105
310
903343A310000000000000410100
  0
ACAD_PROXY_OBJECT
  5
10000022
102
{ACAD_REACTORS
330
47
102
}
330
47
100
AcDbProxyObject
 90
      499
 91
      503
 93
      113
310
90435303A310000000000001250100
  0
ACAD_PROXY_OBJECT
  5
1000001A
102
{ACAD_REACTORS
330
47
102
}
330
47
100
AcDbProxyObject
 90
      499
 91
      503
 93
      105
310
903353A310000000000000510100
  0
ACAD_PROXY_OBJECT
  5
1000001B
102
{ACAD_REACTORS
330
47
102
}
330
47
100
AcDbProxyObject
 90
      499
 91
      503
 93
      105
310
903363A310000000000000610100
  0
ACAD_PROXY_OBJECT
  5
1000001C
102
{ACAD_REACTORS
330
47
102
}
330
47
100
AcDbProxyObject
 90
      499
 91
      503
 93
      105
310
903383A310000000000000810100
  0
ACAD_PROXY_OBJECT
  5
2F
102
{ACAD_REACTORS
330
2A
102
}
330
2A
100
AcDbProxyObject
 90
      499
 91
      501
 93
      436
310
42CC9915DA5C99599C985B595049028333333333333E33F0000000000000F90107901411070040501600405405064090741402480A0340
1001
ACAD
1000
AcDbSavedByObjectVersion
1070
     0
  0
ACAD_PROXY_OBJECT
  5
32
102
{ACAD_REACTORS
330
2A
102
}
330
2A
100
AcDbProxyObject
 90
      499
 91
      501
 93
      388
310
4150985CDA58D07406404333333333333E33F0000000000000F90107A41107004050150841D405064090741402480A0350
1001
ACAD
1000
AcDbSavedByObjectVersion
1070
     0
  0
ACAD_PROXY_OBJECT
  5
36
102
{ACAD_REACTORS
330
2A
102
}
330
2A
100
AcDbProxyObject
 90
      499
 91
      501
 93
      428
310
42109C9A59DA1D195B90C409028333333333333E33F0000000000000F9010790141107004050150841D405064090741402480A029950
1001
ACAD
1000
AcDbSavedByObjectVersion
1070
     0
  0
ACAD_PROXY_OBJECT
  5
3A
102
{ACAD_REACTORS
330
2A
102
}
330
2A
100
AcDbProxyObject
 90
      499
 91
      501
 93
      452
310
42D0DBDB1BDC90DA185B99D95104090240C333333333333E33F0000000000000F90108901411070040501508421405064090741402480A0350
1001
ACAD
1000
AcDbSavedByObjectVersion
1070
     0
  0
ACAD_PROXY_OBJECT
  5
34
102
{ACAD_REACTORS
330
2A
102
}
330
2A
100
AcDbProxyObject
 90
      499
 91
      501
 93
      500
310
4290DBDB98D95C1D1D585B10940D028333333333333E33F0000000000000F90107902409070040501000000000018199010841D405064090740C02480A0340
1001
ACAD
1000
AcDbSavedByObjectVersion
1070
     0
  0
ACAD_PROXY_OBJECT
  5
35
102
{ACAD_REACTORS
330
2A
102
}
330
2A
100
AcDbProxyObject
 90
      499
 91
      501
 93
      412
310
40D11A5B50B409028333333333333E33F0000000000000F9010790141107004050150841D405064090741402480A02677FFFFFD0
1001
ACAD
1000
AcDbSavedByObjectVersion
1070
     0
  0
ACAD_PROXY_OBJECT
  5
3D
102
{ACAD_REACTORS
330
2A
102
}
330
2A
100
AcDbProxyObject
 90
      499
 91
      501
 93
      452
310
43115919D950DBDB1BDC93D999916409028333333333333E33F0000000000000F9010790141107004050150841D405064090741402480A0350
1001
ACAD
1000
AcDbSavedByObjectVersion
1070
     0
  0
ACAD_PROXY_OBJECT
  5
39
102
{ACAD_REACTORS
330
2A
102
}
330
2A
100
AcDbProxyObject
 90
      499
 91
      501
 93
      444
310
42D19858D95C185D1D195C9B90F409028333333333333E33F0000000000000F9010790141107004050150841D405064090741402480A0350
1001
ACAD
1000
AcDbSavedByObjectVersion
1070
     0
  0
ACAD_PROXY_OBJECT
  5
2B
102
{ACAD_REACTORS
330
2A
102
}
330
2A
100
AcDbProxyObject
 90
      499
 91
      501
 93
      380
310
41119B185D240901404333333333333E33F0000000000000F9010740A907004050150841D405064090741402480A1B50
1001
ACAD
1000
AcDbSavedByObjectVersion
1070
     0
  0
ACAD_PROXY_OBJECT
  5
2C
102
{ACAD_REACTORS
330
2A
102
}
330
2A
100
AcDbProxyObject
 90
      499
 91
      501
 93
      468
310
43519B185D15DA5D1A115919D95CD0140901404333333333333E33F0000000000000F90107409019070040501600405405064090741402480A1B50
1001
ACAD
1000
AcDbSavedByObjectVersion
1070
     0
  0
ACAD_PROXY_OBJECT
  5
2D
102
{ACAD_REACTORS
330
2A
102
}
330
2A
100
AcDbProxyObject
 90
      499
 91
      501
 93
      404
310
41D1DBDD5C985D5910240902404333333333333E33F0000000000000F9010740A9070040501641D405064090741402480A1B50
1001
ACAD
1000
AcDbSavedByObjectVersion
1070
     0
  0
ACAD_PROXY_OBJECT
  5
2E
102
{ACAD_REACTORS
330
2A
102
}
330
2A
100
AcDbProxyObject
 90
      499
 91
      501
 93
      492
310
4411DBDD5C985D5915DA5D1A115919D95CD0340902404333333333333E33F0000000000000F90107409019070040501600405405064090741402480A1B50
1001
ACAD
1000
AcDbSavedByObjectVersion
1070
     0
  0
ACAD_PROXY_OBJECT
  5
31
102
{ACAD_REACTORS
330
2A
102
}
330
2A
100
AcDbProxyObject
 90
      499
 91
      501
 93
      476
310
41921A5919195B90640502408333333333333E33F0000000000000F901079024090700405020000000000001110200405405064090740C02480A0340
1001
ACAD
1000
AcDbSavedByObjectVersion
1070
     0
  0
ACAD_PROXY_OBJECT
  5
3B
102
{ACAD_REACTORS
330
2A
102
}
330
2A
100
AcDbProxyObject
 90
      499
 91
      501
 93
      428
310
42529A5D1D195C93D999914409028333333333333E33F0000000000000F9010790141107004050150A41D405064090741402480A0350
1001
ACAD
1000
AcDbSavedByObjectVersion
1070
     0
  0
ACAD_PROXY_OBJECT
  5
38
102
{ACAD_REACTORS
330
2A
102
}
330
2A
100
AcDbProxyObject
 90
      499
 91
      501
 93
      444
310
42D31A5B995C185D1D195C9B90E409028333333333333E33F0000000000000F9010790141107004050750841D405064090741402483A0350
1001
ACAD
1000
AcDbSavedByObjectVersion
1070
     0
  0
ACAD_PROXY_OBJECT
  5
3C
102
{ACAD_REACTORS
330
2A
102
}
330
2A
100
AcDbProxyObject
 90
      499
 91
      501
 93
      444
310
42D3DD995C9A185B99D3D999915409028333333333333E33F0000000000000F9010790141107004050150941D405064090741402480A0350
1001
ACAD
1000
AcDbSavedByObjectVersion
1070
     0
  0
ACAD_PROXY_OBJECT
  5
33
102
{ACAD_REACTORS
330
2A
102
}
330
2A
100
AcDbProxyObject
 90
      499
 91
      501
 93
      428
310
425499585B1A5CDD1A58D08409038333333333333E33F0000000000000F9010740A907004050150800405405064090740C02480A1B40
1001
ACAD
1000
AcDbSavedByObjectVersion
1070
     0
  0
ACAD_PROXY_OBJECT
  5
42
102
{ACAD_REACTORS
330
2A
102
}
330
2A
100
AcDbProxyObject
 90
      499
 91
      501
 93
      420
310
4194DA1859195911B40902404333333333333E33F0000000000000F9010740A41107004050150800405405064090840C02480A0B40
1001
ACAD
1000
AcDbSavedByObjectVersion
1070
     0
  0
ACAD_PROXY_OBJECT
  5
41
102
{ACAD_REACTORS
330
2A
102
}
330
2A
100
AcDbProxyObject
 90
      499
 91
      501
 93
      516
310
4454DA18591959081DDA5D1A08195919D95CD1A40902404333333333333E33F0000000000000F901074090142907004050250800405405064090740C02480A0B40
1001
ACAD
1000
AcDbSavedByObjectVersion
1070
     0
  0
ACAD_PROXY_OBJECT
  5
3E
102
{ACAD_REACTORS
330
2A
102
}
330
2A
100
AcDbProxyObject
 90
      499
 91
      501
 93
      532
310
4394DA1859195CC81BD98811DC985E5174090240C333333333333E33F0000000000000F901079024090741D01000000000000111010841D405064090740C02480A0340
1001
ACAD
1000
AcDbSavedByObjectVersion
1070
     0
  0
ACAD_PROXY_OBJECT
  5
3F
102
{ACAD_REACTORS
330
2A
102
}
330
2A
100
AcDbProxyObject
 90
      499
 91
      501
 93
      476
310
41D4DAD95D18DA1E51840502408333333333333E33F0000000000000F901079024090741D01000000000000111010B41D405064090741802480A0340
1001
ACAD
1000
AcDbSavedByObjectVersion
1070
     0
  0
ACAD_PROXY_OBJECT
  5
37
102
{ACAD_REACTORS
330
2A
102
}
330
2A
100
AcDbProxyObject
 90
      499
 91
      501
 93
      412
310
41D51A1A58DAD95B90D409028333333333333E33F0000000000000F9010790141107004050150C41D405064090741402480A0350
1001
ACAD
1000
AcDbSavedByObjectVersion
1070
     0
  0
ACAD_PROXY_OBJECT
  5
30
102
{ACAD_REACTORS
330
2A
102
}
330
2A
100
AcDbProxyObject
 90
      499
 91
      501
 93
      420
310
4255DA5C99599C985B595059028333333333333E33F0000000000000F90107901411070040501600405405064090740C02480A0340
1001
ACAD
1000
AcDbSavedByObjectVersion
1070
     0
  0
ACAD_PROXY_OBJECT
  5
40
102
{ACAD_REACTORS
330
2A
102
}
330
2A
100
AcDbProxyObject
 90
      499
 91
      501
 93
      404
310
41560B54985E51940902404000000000000E03F0000000000000F9010740501907004050150841D405064090740C02480A1B40
1001
ACAD
1000
AcDbSavedByObjectVersion
1070
     0
  0
XRECORD
  5
1000035B
102
{ACAD_REACTORS
330
10000351
102
}
330
10000351
100
AcDbXrecord
340
0
  0
XRECORD
  5
1000035A
102
{ACAD_REACTORS
330
10000351
102
}
330
10000351
100
AcDbXrecord
 90
        0
  0
XRECORD
  5
10000371
102
{ACAD_REACTORS
330
10000351
102
}
330
10000351
100
AcDbXrecord
1000
DSTYLE
1002
{
1070
   340
340
11
1002
}
  0
XRECORD
  5
1000035C
102
{ACAD_REACTORS
330
10000351
102
}
330
10000351
100
AcDbXrecord
  1
{37623377-62b1-7878-7570-f16531757562}
  0
XRECORD
  5
10000354
102
{ACAD_REACTORS
330
10000351
102
}
330
10000351
100
AcDbXrecord
  1

  0
XRECORD
  5
10000359
102
{ACAD_REACTORS
330
10000351
102
}
330
10000351
100
AcDbXrecord
 90
        4
  0
XRECORD
  5
10000356
102
{ACAD_REACTORS
330
10000351
102
}
330
10000351
100
AcDbXrecord
340
1A
  0
XRECORD
  5
10000358
102
{ACAD_REACTORS
330
10000351
102
}
330
10000351
100
AcDbXrecord
 90
    10781
  0
XRECORD
  5
10000357
102
{ACAD_REACTORS
330
10000351
102
}
330
10000351
100
AcDbXrecord
340
19
  0
XRECORD
  5
1000035E
102
{ACAD_REACTORS
330
10000351
102
}
330
10000351
100
AcDbXrecord
 40
0.0
  0
XRECORD
  5
10000361
102
{ACAD_REACTORS
330
10000351
102
}
330
10000351
100
AcDbXrecord
340
0
  0
XRECORD
  5
10000367
102
{ACAD_REACTORS
330
10000351
102
}
330
10000351
100
AcDbXrecord
 10
0.0
 20
0.0
 30
0.0
  0
XRECORD
  5
10000363
102
{ACAD_REACTORS
330
10000351
102
}
330
10000351
100
AcDbXrecord
 10
0.0
 20
0.0
 30
0.0
  0
XRECORD
  5
10000366
102
{ACAD_REACTORS
330
10000351
102
}
330
10000351
100
AcDbXrecord
 10
0.0
 20
0.0
 30
0.0
  0
XRECORD
  5
10000364
102
{ACAD_REACTORS
330
10000351
102
}
330
10000351
100
AcDbXrecord
 10
0.0
 20
0.0
 30
0.0
  0
XRECORD
  5
10000365
102
{ACAD_REACTORS
330
10000351
102
}
330
10000351
100
AcDbXrecord
 10
0.0
 20
0.0
 30
0.0
  0
XRECORD
  5
10000362
102
{ACAD_REACTORS
330
10000351
102
}
330
10000351
100
AcDbXrecord
 10
0.0
 20
0.0
 30
0.0
  0
XRECORD
  5
1000035F
102
{ACAD_REACTORS
330
10000351
102
}
330
10000351
100
AcDbXrecord
340
0
  0
XRECORD
  5
10000360
102
{ACAD_REACTORS
330
10000351
102
}
330
10000351
100
AcDbXrecord
 70
     0
  0
XRECORD
  5
10000355
102
{ACAD_REACTORS
330
10000351
102
}
330
10000351
100
AcDbXrecord
  1

  0
XRECORD
  5
10000352
102
{ACAD_REACTORS
330
10000351
102
}
330
10000351
100
AcDbXrecord
 90
        1
  0
XRECORD
  5
10000353
102
{ACAD_REACTORS
330
10000351
102
}
330
10000351
100
AcDbXrecord
 90
       70
  0
XRECORD
  5
1000036A
102
{ACAD_REACTORS
330
10000351
102
}
330
10000351
100
AcDbXrecord
340
0
  0
XRECORD
  5
10000370
102
{ACAD_REACTORS
330
10000351
102
}
330
10000351
100
AcDbXrecord
 10
0.0
 20
0.0
 30
0.0
  0
XRECORD
  5
1000036C
102
{ACAD_REACTORS
330
10000351
102
}
330
10000351
100
AcDbXrecord
 10
0.0
 20
0.0
 30
0.0
  0
XRECORD
  5
1000036F
102
{ACAD_REACTORS
330
10000351
102
}
330
10000351
100
AcDbXrecord
 10
0.0
 20
0.0
 30
0.0
  0
XRECORD
  5
1000036D
102
{ACAD_REACTORS
330
10000351
102
}
330
10000351
100
AcDbXrecord
 10
0.0
 20
0.0
 30
0.0
  0
XRECORD
  5
1000036E
102
{ACAD_REACTORS
330
10000351
102
}
330
10000351
100
AcDbXrecord
 10
0.0
 20
0.0
 30
0.0
  0
XRECORD
  5
1000036B
102
{ACAD_REACTORS
330
10000351
102
}
330
10000351
100
AcDbXrecord
 10
0.0
 20
0.0
 30
0.0
  0
XRECORD
  5
10000368
102
{ACAD_REACTORS
330
10000351
102
}
330
10000351
100
AcDbXrecord
340
0
  0
XRECORD
  5
10000369
102
{ACAD_REACTORS
330
10000351
102
}
330
10000351
100
AcDbXrecord
 70
     0
  0
XRECORD
  5
1000035D
102
{ACAD_REACTORS
330
10000351
102
}
330
10000351
100
AcDbXrecord
  1
{FAEB1C32-E019-11D5-929B-00C0DF256EC4}
  0
DICTIONARYVAR
  5
10000380
102
{ACAD_REACTORS
330
10000372
102
}
330
10000372
100
DictionaryVariables
280
     0
  1
1:1
  0
DICTIONARYVAR
  5
10000379
102
{ACAD_REACTORS
330
10000372
102
}
330
10000372
100
DictionaryVariables
280
     0
  1
3.500000
  0
DICTIONARYVAR
  5
1000037A
102
{ACAD_REACTORS
330
10000372
102
}
330
10000372
100
DictionaryVariables
280
     0
  1
acadiso.lin
  0
DICTIONARYVAR
  5
10000374
102
{ACAD_REACTORS
330
10000372
102
}
330
10000372
100
DictionaryVariables
280
     0
  1
Standard
  0
DICTIONARYVAR
  5
10000373
102
{ACAD_REACTORS
330
10000372
102
}
330
10000372
100
DictionaryVariables
280
     0
  1
Standard
  0
DICTIONARYVAR
  5
1000037B
102
{ACAD_REACTORS
330
10000372
102
}
330
10000372
100
DictionaryVariables
280
     0
  1
2
  0
DICTIONARYVAR
  5
1000037C
102
{ACAD_REACTORS
330
10000372
102
}
330
10000372
100
DictionaryVariables
280
     0
  1
1
  0
DICTIONARYVAR
  5
10000381
102
{ACAD_REACTORS
330
10000372
102
}
330
10000372
100
DictionaryVariables
280
     0
  1
1
  0
DICTIONARYVAR
  5
10000376
102
{ACAD_REACTORS
330
10000372
102
}
330
10000372
100
DictionaryVariables
280
     0
  1
80.000000
  0
DICTIONARYVAR
  5
10000375
102
{ACAD_REACTORS
330
10000372
102
}
330
10000372
100
DictionaryVariables
280
     0
  1
5.000000
  0
XRECORD
  5
10000003
102
{ACAD_REACTORS
330
10000001
102
}
330
10000001
100
AcDbXrecord
 70
     4
  0
XRECORD
  5
10000002
102
{ACAD_REACTORS
330
10000001
102
}
330
10000001
100
AcDbXrecord
1040
89.0
  0
ACAD_PROXY_OBJECT
  5
10000005
102
{ACAD_REACTORS
330
10000001
102
}
330
10000001
100
AcDbProxyObject
 90
      499
 91
      509
 93
       34
310
40C8804040
  0
DICTIONARY
  5
10000384
330
45
100
AcDbDictionary
280
     1
  3
ACAD_XREC_ROUNDTRIP
360
10000385
  0
DICTIONARY
  5
10000382
330
44
100
AcDbDictionary
280
     1
  3
ACAD_XREC_ROUNDTRIP
360
10000383
  0
DICTIONARY
  5
10000386
330
46
100
AcDbDictionary
280
     1
  3
ACAD_XREC_ROUNDTRIP
360
10000387
  0
XRECORD
  5
10000385
102
{ACAD_REACTORS
330
10000384
102
}
330
10000384
100
AcDbXrecord
102
MATERIAL
148
0.0
149
0.0
149
0.0
 93
        0
 94
      127
282
     0
 72
     1
 77
     1
171
     1
175
     1
179
     1
273
     0
  0
XRECORD
  5
10000383
102
{ACAD_REACTORS
330
10000382
102
}
330
10000382
100
AcDbXrecord
102
MATERIAL
148
0.0
149
0.0
149
0.0
 93
        0
 94
      127
282
     0
 72
     1
 77
     1
171
     1
175
     1
179
     1
273
     0
  0
XRECORD
  5
10000387
102
{ACAD_REACTORS
330
10000386
102
}
330
10000386
100
AcDbXrecord
102
MATERIAL
148
0.0
149
0.0
149
0.0
 93
        0
 94
      127
282
     0
 72
     1
 77
     1
171
     1
175
     1
179
     1
273
     0
  0
ENDSEC
  0
EOF
